Year,June date,Month,Transect length,Sample,Time,Small Insects,Large insects,Column,Total Insects,Proportion large insects,Wind,Cloud cover,Precipitation,Temperature,Column 15
1997,3,June,1.2,1,6.5,12,2,14,14,0.133333333,0,0,0,27.488025,
1997,3,June,1.2,2,14.58,10,1,11,11,0.083333333,0,0,0,22.213025,
1997,3,June,1.2,3,18.25,6,0,6,6,0,0,2,0,13.773025,
1997,4,June,1.2,2,11.83,7,0,7,7,0,0,6,0,15.883025,
1997,4,June,1.2,1,6.33,0,0,0,0,0,0,8,1,13.773025,
1997,4,June,1.2,3,18.17,0,0,0,0,0,0,8,1,16.938025,
1997,5,June,1.2,1,7.08,0,0,0,0,0,0,7,0,15.883025,
1997,6,June,1.2,1,6.25,0,0,0,0,0,0,0,0,15.883025,
1997,8,June,1.2,1,7.5,2,0,2,2,0,0,0,0,15.883025,
1997,9,June,1.2,1,7.17,4,0,4,4,0,3,8,1,13.773025,
1997,10,June,1.2,1,6.33,0,0,0,0,0,0,0,0,11.663025,
1997,10,June,1.2,2,13.25,3,0,3,3,0,0,0,0,16.938025,
1997,11,June,1.2,1,6.25,0,0,0,0,0,0,0,0,20.103025,
1997,11,June,1.2,2,13.25,4,1,5,5,0.166666667,0,1,0,17.993025,
1997,11,June,1.2,3,18.75,3,1,4,4,0.2,0,1,0,20.103025,
1997,13,June,1.2,1,6.42,0,0,0,0,0,0,8,1,15.883025,
1997,14,June,1.2,1,7.83,2,2,4,4,0.4,0,7,0,17.993025,
1997,16,June,1.2,1,6.67,0,0,0,0,0,3,8,1,14.828025,
1997,17,June,1.2,3,19,3,0,3,3,0,0,1,0,24.323025,
1997,17,June,1.2,2,13.42,4,0,4,4,0,0,3,0,21.158025,
1997,17,June,1.2,1,6.83,4,0,4,4,0,0,4,0,16.938025,
1997,18,June,1.2,1,7.5,7,0,7,7,0,0,2,0,16.938025,
1997,19,June,1.2,1,7.17,10,0,10,10,0,1,5,0,24.323025,
1997,20,June,1.2,1,7.42,1,0,1,1,0,1,8,1,16.938025,
1997,21,June,1.2,1,8.5,0,0,0,0,0,2,8,1,21.158025,
1997,22,June,1.2,1,7.33,1,0,1,1,0,1,6,0,24.323025,
1997,23,June,1.2,1,6.5,5,0,5,5,0,0,7,0,16.938025,
1997,24,June,1.2,2,11.33,0,0,0,0,0,2,5,0,27.488025,
1997,24,June,1.2,3,18.83,0,0,0,0,0,3,7,0,29.598025,
1997,24,June,1.2,1,6.5,2,1,3,3,0.25,0,8,1,24.323025,
1997,26,June,1.2,1,6.5,1,0,1,1,0,1,3,0,15.883025,
1997,27,June,1.2,1,18.5,8,0,8,8,0,0,8,1,15.883025,
1997,31,July,1.2,1,7.08,0,0,0,0,0,0,6,0,13.773025,
1997,32,July,1.2,3,18.08,8,0,8,8,0,0,1,0,26.433025,
1997,32,July,1.2,1,7.5,5,0,5,5,0,0,2,0,13.773025,
1997,32,July,1.2,2,11.92,7,0,7,7,0,1,6,0,26.433025,
1997,34,July,1.2,1,7.83,3,0,3,3,0,0,1,0,15.883025,
1997,35,July,1.2,1,8.08,3,0,3,3,0,1,3,0,29.598025,
1997,37,July,1.2,1,6.5,1,0,1,1,0,1,1,0,24.323025,
1997,37,July,1.2,2,10.67,5,0,5,5,0,2,1,0,26.433025,
1997,38,July,1.2,2,13.75,11,0,11,11,0,2,1,0,16.938025,
1997,38,July,1.2,3,18.75,9,0,9,9,0,1,1,0,20.103025,
1997,38,July,1.2,1,6.5,2,0,2,2,0,1,3,0,28.543025,
1997,39,July,1.2,1,9.17,12,1,13,13,0.071428571,1,0,0,24.323025,
1997,40,July,1.2,1,6.5,4,0,4,4,0,0,0,0,22.213025,
1997,43,July,1.2,1,7.25,6,0,6,6,0,0,6,0,16.938025,
1997,44,July,1.2,1,6.5,4,0,4,4,0,0,7,0,27.488025,
1997,45,July,1.2,1,8.25,7,0,7,7,0,0,6,0,16.938025,
1997,46,July,1.2,3,19.5,7,0,7,7,0,1,1,0,19.048025,
1997,46,July,1.2,2,11.92,5,1,6,6,0.142857143,2,2,0,19.048025,
1997,46,July,1.2,1,6.42,4,0,4,4,0,0,3,0,19.048025,
1997,47,July,1.2,1,6.5,6,0,6,6,0,0,1,0,15.883025,
1997,49,July,1.2,1,7.25,3,1,4,4,0.2,2,1,0,16.938025,
1997,66,August,1.2,1,9,4,0,4,4,0,0,0,0,27.488025,
1997,66,August,1.2,2,12,5,0,5,5,0,0,0,0,22.213025,
1997,66,August,1.2,3,18,6,1,7,7,0.125,0,0,0,13.773025,
1997,67,August,1.2,1,7,8,2,10,10,0.181818182,0,0,0,13.773025,
1997,68,August,1.2,1,7,5,0,5,5,0,0,0,0,15.883025,
1997,69,August,1.2,1,7,4,1,5,5,0.166666667,0,0,0,16.938025,
1997,70,August,1.2,1,7,9,1,10,10,0.090909091,0,0,0,15.883025,
1997,71,August,1.2,1,8.25,6,1,7,7,0.125,0,1,0,15.883025,
1997,73,August,1.2,2,13.25,15,0,15,15,0,1,1,0,13.773025,
1997,73,August,1.2,1,6.5,4,0,4,4,0,1,2,0,15.883025,
1997,73,August,1.2,3,18.25,25,1,26,26,0.037037037,1,2,0,11.663025,
1997,75,August,1.2,1,6.5,11,0,11,11,0,1,0,0,16.938025,
1997,76,August,1.2,3,19.5,36,0,36,36,0,1,1,0,20.103025,
1997,76,August,1.2,2,12.33,13,1,14,14,0.066666667,0,2,0,17.993025,
1997,76,August,1.2,1,6.42,2,0,2,2,0,1,7,0,20.103025,
1997,77,August,1.2,1,6.75,1,0,1,1,0,1,6,0,15.883025,
1997,78,August,1.2,1,6.92,1,0,1,1,0,1,5,0,17.993025,
1997,79,August,1.2,1,6.5,4,0,4,4,0,0,0,0,14.828025,
1997,80,August,1.2,1,6.5,2,0,2,2,0,0,1,0,16.938025,
1997,80,August,1.2,2,11.58,14,0,14,14,0,0,1,0,21.158025,
1997,80,August,1.2,3,18.58,15,0,15,15,0,0,5,0,24.323025,
1997,81,August,1.2,1,6.67,2,0,2,2,0,0,0,0,16.938025,
1997,82,August,1.2,1,7.1,3,1,4,4,0.2,0,0,0,24.323025,
1998,5,June,1.2,1,6.75,3,0,3,3,0,3,0,0,23,
1998,6,June,1.2,1,6.83,2,0,2,2,0,1,6,0,18.4,
1998,7,June,1.2,1,6.58,0,0,0,0,0,1,8,1,11.04,
1998,8,June,1.2,1,6.83,0,0,0,0,0,2,8,1,11.04,
1998,8,June,1.2,2,11.67,0,0,0,0,0,3,8,1,12.88,
1998,12,June,1.2,1,7.5,1,0,1,1,0,1,3,0,13.8,
1998,12,June,1.2,3,18.25,0,0,0,0,0,3,5,0,12.88,
1998,12,June,1.2,2,11.5,0,0,0,0,0,2,6,0,12.88,
1998,13,June,1.2,1,6.58,0,0,0,0,0,3,1,0,12.88,
1998,14,June,1.2,1,6.58,4,0,4,4,0,0,0,0,11.04,
1998,15,June,1.2,1,6.83,3,0,3,3,0,1,4,0,9.2,
1998,19,June,1.2,3,19.25,1,0,1,1,0,2,1,0,14.72,
1998,19,June,1.2,2,10.42,1,0,1,1,0,1,3,0,16.56,
1998,19,June,1.2,1,6.75,0,0,0,0,0,1,6,0,13.8,
1998,20,June,1.2,1,6.75,2,0,2,2,0,2,4,0,16.56,
1998,21,June,1.2,1,7,2,0,2,2,0,0,7,0,12.88,
1998,23,June,1.2,1,7,0,0,0,0,0,2,1,0,14.72,
1998,24,June,1.2,1,7,0,0,0,0,0,0,8,1,11.96,
1998,25,June,1.2,1,6.75,1,0,1,1,0,1,7,0,13.8,
1998,26,June,1.2,1,6.5,0,0,0,0,0,0,4,0,17.48,
1998,26,June,1.2,2,12.5,2,0,2,2,0,1,5,0,20.24,
1998,32,July,1.2,1,6.92,0,0,0,0,0,1,7,0,13.8,
1998,33,July,1.2,2,14.58,2,1,3,3,0.25,2,5,0,13.8,
1998,33,July,1.2,1,6.67,0,1,1,1,0.5,2,7,0,20.24,
1998,33,July,1.2,3,18,2,0,2,2,0,1,7,0,17.48,
1998,34,July,1.2,1,7,1,0,1,1,0,2,8,1,20.24,
1998,36,July,1.2,1,6.5,1,0,1,1,0,3,4,0,13.8,
1998,37,July,1.2,1,6.75,4,0,4,4,0,1,1,0,20.24,
1998,40,July,1.2,1,6.58,1,0,1,1,0,2,0,0,23,
1998,41,July,1.2,1,7.25,7,0,7,7,0,1,8,1,24.84,
1998,42,July,1.2,2,13.5,1,1,2,2,0.333333333,1,2,0,12.88,
1998,42,July,1.2,1,6.83,0,0,0,0,0,0,7,0,12.88,
1998,42,July,1.2,3,,5,0,5,5,0,0,7,0,11.04,
1998,46,July,1.2,1,7.67,1,0,1,1,0,2,6,0,11.04,
1998,47,July,1.2,1,6.67,0,0,0,0,0,0,1,0,22.08,
1998,47,July,1.2,2,,0,0,0,0,0,1,7,0,22.08,
1998,63,August,1.2,1,7.33,0,1,1,1,0.5,2,8,1,12.88,
1998,63,August,1.2,2,12,0,0,0,0,0,2,8,1,24.84,
1998,64,August,1.2,1,6.67,4,0,4,4,0,0,8,1,20.24,
1998,64,August,1.2,2,,8,0,8,8,0,1,8,1,22.08,
1998,65,August,1.2,1,6.83,2,0,2,2,0,2,8,1,23.92,
1998,67,August,1.2,1,6.67,2,0,2,2,0,2,6,0,13.8,
1998,68,August,1.2,1,6.5,2,0,2,2,0,2,2,0,16.56,
1998,68,August,1.2,3,18.33,0,0,0,0,0,3,3,0,18.4,
1998,68,August,1.2,2,11.67,2,0,2,2,0,3,5,0,20.24,
1998,69,August,1.2,1,6.67,2,0,2,2,0,0,8,1,13.8,
1998,70,August,1.2,1,6.67,0,0,0,0,0,0,0,0,23,
1998,71,August,1.2,1,6.5,2,0,2,2,0,0,8,1,13.8,
1998,72,August,1.2,1,6.5,2,0,2,2,0,0,8,1,15.64,
1998,73,August,1.2,1,6.67,4,0,4,4,0,2,1,0,15.64,
1998,74,August,1.2,1,7,2,0,2,2,0,1,5,0,15.64,
1998,75,August,1.2,1,6.67,2,0,2,2,0,0,7,0,12.88,
1998,75,August,1.2,2,11.75,7,0,7,7,0,1,7,0,13.8,
1998,75,August,1.2,3,,3,0,3,3,0,0,8,1,23,
1998,76,August,1.2,1,6.67,1,0,1,1,0,1,8,1,18.4,
1998,77,August,1.2,1,6.75,1,0,1,1,0,1,6,0,11.04,
1998,79,August,1.2,1,6.58,1,0,1,1,0,1,1,0,11.04,
1998,80,August,1.2,1,6.42,0,0,0,0,0,2,8,1,12.88,
1998,81,August,1.2,1,6.5,9,0,9,9,0,1,8,1,13.8,
1998,83,August,1.2,3,18.33,0,0,0,0,0,3,0,0,12.88,
1998,83,August,1.2,1,7,0,1,1,1,0.5,2,1,0,12.88,
1998,83,August,1.2,2,12.58,1,0,1,1,0,3,6,0,12.88,
1998,84,August,1.2,1,6.42,0,0,0,0,0,2,3,0,11.04,
1998,85,August,1.2,1,,0,0,0,0,0,0,7,0,9.2,
1999,3,June,1.2,1,6.5,2,0,2,2,0,0,0,0,25.075,
1999,3,June,1.2,2,14.58,3,1,4,4,0.2,0,0,0,20.06,
1999,3,June,1.2,3,18.25,6,0,6,6,0,0,2,0,12.036,
1999,4,June,1.2,2,11.83,0,0,0,0,0,0,6,0,14.042,
1999,4,June,1.2,1,6.33,4,0,4,4,0,0,8,1,12.036,
1999,4,June,1.2,3,18.17,0,0,0,0,0,0,8,1,15.045,
1999,5,June,1.2,1,7.08,3,1,4,4,0.2,0,7,0,14.042,
1999,6,June,1.2,1,6.25,5,0,5,5,0,0,0,0,14.042,
1999,8,June,1.2,1,7.5,2,0,2,2,0,0,0,0,14.042,
1999,9,June,1.2,1,7.17,3,0,3,3,0,3,8,1,12.036,
1999,10,June,1.2,1,6.33,1,0,1,1,0,0,0,0,10.03,
1999,10,June,1.2,2,13.25,3,1,4,4,0.2,0,0,0,15.045,
1999,11,June,1.2,1,6.25,3,0,3,3,0,0,0,0,18.054,
1999,11,June,1.2,2,13.25,2,1,3,3,0.25,0,1,0,16.048,
1999,11,June,1.2,3,18.75,3,0,3,3,0,0,1,0,18.054,
1999,13,June,1.2,1,6.42,2,0,2,2,0,0,8,1,14.042,
1999,14,June,1.2,1,7.83,2,0,2,2,0,0,7,0,16.048,
1999,16,June,1.2,1,6.67,7,2,9,9,0.2,3,8,1,13.039,
1999,17,June,1.2,3,19,6,0,6,6,0,0,1,0,22.066,
1999,17,June,1.2,2,13.42,0,0,0,0,0,0,3,0,19.057,
1999,17,June,1.2,1,6.83,4,0,4,4,0,0,4,0,15.045,
1999,18,June,1.2,1,7.5,7,0,7,7,0,0,2,0,15.045,
1999,19,June,1.2,1,7.17,6,0,6,6,0,1,5,0,22.066,
1999,20,June,1.2,1,7.42,1,0,1,1,0,1,8,1,15.045,
1999,21,June,1.2,1,8.5,4,1,5,5,0.166666667,2,8,1,19.057,
1999,22,June,1.2,1,7.33,1,0,1,1,0,1,6,0,22.066,
1999,23,June,1.2,1,6.5,3,0,3,3,0,0,7,0,15.045,
1999,24,June,1.2,2,11.33,2,0,2,2,0,2,5,0,25.075,
1999,24,June,1.2,3,18.83,0,0,0,0,0,3,7,0,27.081,
1999,24,June,1.2,1,6.5,2,0,2,2,0,0,8,1,22.066,
1999,26,June,1.2,1,6.5,1,0,1,1,0,1,3,0,14.042,
1999,27,June,1.2,1,18.5,3,0,3,3,0,0,8,1,14.042,
1999,31,July,1.2,1,7.08,5,0,5,5,0,0,6,0,12.036,
1999,32,July,1.2,3,18.08,7,0,7,7,0,0,1,0,24.072,
1999,32,July,1.2,1,7.5,5,0,5,5,0,0,2,0,12.036,
1999,32,July,1.2,2,11.92,7,0,7,7,0,1,6,0,24.072,
1999,34,July,1.2,1,7.83,3,0,3,3,0,0,1,0,14.042,
1999,35,July,1.2,1,8.08,3,0,3,3,0,1,3,0,27.081,
1999,37,July,1.2,1,6.5,2,0,2,2,0,1,1,0,22.066,
1999,37,July,1.2,2,10.67,5,1,6,6,0.142857143,2,1,0,24.072,
1999,38,July,1.2,2,13.75,11,0,11,11,0,2,1,0,15.045,
1999,38,July,1.2,3,18.75,9,1,10,10,0.090909091,1,1,0,18.054,
1999,38,July,1.2,1,6.5,5,0,5,5,0,1,3,0,26.078,
1999,39,July,1.2,1,9.17,9,1,10,10,0.090909091,1,0,0,22.066,
1999,40,July,1.2,1,6.5,4,0,4,4,0,0,0,0,20.06,
1999,43,July,1.2,1,7.25,6,1,7,7,0.125,0,6,0,15.045,
1999,44,July,1.2,1,6.5,4,0,4,4,0,0,7,0,25.075,
1999,45,July,1.2,1,8.25,7,0,7,7,0,0,6,0,15.045,
1999,46,July,1.2,3,19.5,7,0,7,7,0,1,1,0,17.051,
1999,46,July,1.2,2,11.92,5,1,6,6,0.142857143,2,2,0,17.051,
1999,46,July,1.2,1,6.42,4,0,4,4,0,0,3,0,17.051,
1999,47,July,1.2,1,6.5,6,0,6,6,0,0,1,0,14.042,
1999,49,July,1.2,1,7.25,4,1,5,5,0.166666667,2,1,0,15.045,
1999,66,August,1.2,1,9,5,0,5,5,0,0,0,0,25.075,
1999,66,August,1.2,2,12,5,1,6,6,0.142857143,0,0,0,20.06,
1999,66,August,1.2,3,18,5,1,6,6,0.142857143,0,0,0,12.036,
1999,67,August,1.2,1,7,8,0,8,8,0,0,0,0,12.036,
1999,68,August,1.2,1,7,6,1,7,7,0.125,0,0,0,14.042,
1999,69,August,1.2,1,7,4,0,4,4,0,0,0,0,15.045,
1999,70,August,1.2,1,7,9,1,10,10,0.090909091,0,0,0,14.042,
1999,71,August,1.2,1,8.25,6,0,6,6,0,0,1,0,14.042,
1999,73,August,1.2,2,13.25,7,0,7,7,0,1,1,0,12.036,
1999,73,August,1.2,1,6.5,4,1,5,5,0.166666667,1,2,0,14.042,
1999,73,August,1.2,3,18.25,5,0,5,5,0,1,2,0,10.03,
1999,75,August,1.2,1,6.5,11,0,11,11,0,1,0,0,15.045,
1999,76,August,1.2,3,19.5,36,1,37,37,0.026315789,1,1,0,18.054,
1999,76,August,1.2,2,12.33,11,0,11,11,0,0,2,0,16.048,
1999,76,August,1.2,1,6.42,2,0,2,2,0,1,7,0,18.054,
1999,77,August,1.2,1,6.75,12,0,12,12,0,1,6,0,14.042,
1999,78,August,1.2,1,6.92,3,0,3,3,0,1,5,0,16.048,
1999,79,August,1.2,1,6.5,16,0,16,16,0,0,0,0,13.039,
1999,80,August,1.2,1,6.5,2,0,2,2,0,0,1,0,15.045,
1999,80,August,1.2,2,11.58,15,0,15,15,0,0,1,0,19.057,
1999,80,August,1.2,3,18.58,4,0,4,4,0,0,5,0,22.066,
1999,81,August,1.2,1,6.67,12,0,12,12,0,0,0,0,15.045,
1999,82,August,1.2,1,7.1,3,1,4,4,0.2,0,0,0,22.066,
2000,5,June,1.2,1,6.75,3,0,3,3,0,3,0,0,25,
2000,6,June,1.2,1,6.83,2,0,2,2,0,1,6,0,20,
2000,7,June,1.2,1,6.58,0,0,0,0,0,1,8,1,12,
2000,8,June,1.2,1,6.83,0,0,0,0,0,2,8,1,12,
2000,8,June,1.2,2,11.67,0,0,0,0,0,3,8,1,14,
2000,12,June,1.2,1,7.5,1,0,1,1,0,1,3,0,15,
2000,12,June,1.2,3,18.25,0,0,0,0,0,3,5,0,14,
2000,12,June,1.2,2,11.5,0,0,0,0,0,2,6,0,14,
2000,13,June,1.2,1,6.58,0,0,0,0,0,3,1,0,14,
2000,14,June,1.2,1,6.58,4,0,4,4,0,0,0,0,12,
2000,15,June,1.2,1,6.83,3,0,3,3,0,1,4,0,10,
2000,19,June,1.2,3,19.25,1,0,1,1,0,2,1,0,16,
2000,19,June,1.2,2,10.42,1,0,1,1,0,1,3,0,18,
2000,19,June,1.2,1,6.75,0,0,0,0,0,1,6,0,15,
2000,20,June,1.2,1,6.75,2,0,2,2,0,2,4,0,18,
2000,21,June,1.2,1,7,2,0,2,2,0,0,7,0,14,
2000,23,June,1.2,1,7,0,0,0,0,0,2,1,0,16,
2000,24,June,1.2,1,7,0,0,0,0,0,0,8,1,13,
2000,25,June,1.2,1,6.75,1,0,1,1,0,1,7,0,15,
2000,26,June,1.2,1,6.5,0,0,0,0,0,0,4,0,19,
2000,26,June,1.2,2,12.5,2,0,2,2,0,1,5,0,22,
2000,32,July,1.2,1,6.92,0,0,0,0,0,1,7,0,15,
2000,33,July,1.2,2,14.58,2,1,3,3,0.25,2,5,0,15,
2000,33,July,1.2,1,6.67,0,1,1,1,0.5,2,7,0,22,
2000,33,July,1.2,3,18,2,0,2,2,0,1,7,0,19,
2000,34,July,1.2,1,7,1,0,1,1,0,2,8,1,22,
2000,36,July,1.2,1,6.5,1,0,1,1,0,3,4,0,15,
2000,37,July,1.2,1,6.75,4,0,4,4,0,1,1,0,22,
2000,40,July,1.2,1,6.58,1,0,1,1,0,2,0,0,25,
2000,41,July,1.2,1,7.25,7,0,7,7,0,1,8,1,27,
2000,42,July,1.2,2,13.5,1,1,2,2,0.333333333,1,2,0,14,
2000,42,July,1.2,1,6.83,0,0,0,0,0,0,7,0,14,
2000,42,July,1.2,3,,5,0,5,5,0,0,7,0,12,
2000,46,July,1.2,1,7.67,1,0,1,1,0,2,6,0,12,
2000,47,July,1.2,1,6.67,0,0,0,0,0,0,1,0,24,
2000,47,July,1.2,2,,0,0,0,0,0,1,7,0,24,
2000,63,August,1.2,1,7.33,0,1,1,1,0.5,2,8,1,14,
2000,63,August,1.2,2,12,0,0,0,0,0,2,8,1,27,
2000,64,August,1.2,1,6.67,4,0,4,4,0,0,8,1,22,
2000,64,August,1.2,2,,8,0,8,8,0,1,8,1,24,
2000,65,August,1.2,1,6.83,2,0,2,2,0,2,8,1,26,
2000,67,August,1.2,1,6.67,2,0,2,2,0,2,6,0,15,
2000,68,August,1.2,1,6.5,2,0,2,2,0,2,2,0,18,
2000,68,August,1.2,3,18.33,0,0,0,0,0,3,3,0,20,
2000,68,August,1.2,2,11.67,2,0,2,2,0,3,5,0,22,
2000,69,August,1.2,1,6.67,2,0,2,2,0,0,8,1,15,
2000,70,August,1.2,1,6.67,0,0,0,0,0,0,0,0,25,
2000,71,August,1.2,1,6.5,2,0,2,2,0,0,8,1,15,
2000,72,August,1.2,1,6.5,2,0,2,2,0,0,8,1,17,
2000,73,August,1.2,1,6.67,4,0,4,4,0,2,1,0,17,
2000,74,August,1.2,1,7,2,0,2,2,0,1,5,0,17,
2000,75,August,1.2,1,6.67,2,0,2,2,0,0,7,0,14,
2000,75,August,1.2,2,11.75,7,0,7,7,0,1,7,0,15,
2000,75,August,1.2,3,,3,0,3,3,0,0,8,1,25,
2000,76,August,1.2,1,6.67,1,0,1,1,0,1,8,1,20,
2000,77,August,1.2,1,6.75,1,0,1,1,0,1,6,0,12,
2000,79,August,1.2,1,6.58,1,0,1,1,0,1,1,0,12,
2000,80,August,1.2,1,6.42,0,0,0,0,0,2,8,1,14,
2000,81,August,1.2,1,6.5,9,0,9,9,0,1,8,1,15,
2000,83,August,1.2,3,18.33,0,0,0,0,0,3,0,0,14,
2000,83,August,1.2,1,7,0,0,0,0,0,2,1,0,14,
2000,83,August,1.2,2,12.58,1,0,1,1,0,3,6,0,14,
2000,84,August,1.2,1,6.42,0,0,0,0,0,2,3,0,12,
2000,85,August,1.2,1,,0,0,0,0,0,0,7,0,10,
2001,-10,May,1.2,1,13.75,2,0,2,2,0,1,7,0,25,
2001,-9,May,1.2,1,9.5,4,0,4,4,0,1,0,0,20,
2001,-8,May,1.2,1,7,0,0,0,0,0,3,8,1,12,
2001,-8,May,1.2,2,9.5,1,0,1,1,0,4,8,1,12,
2001,7,June,1.2,1,7.25,0,0,0,0,0,0,8,1,14,
2001,8,June,1.2,1,7.5,0,0,0,0,0,0,8,1,15,
2001,9,June,1.2,1,7.25,0,0,0,0,0,0,8,1,14,
2001,10,June,1.2,1,16,3,0,3,3,0,1,8,1,14,
2001,10,June,1.2,2,12,0,0,0,0,0,3,8,1,14,
2001,12,June,1.2,1,7.5,2,0,2,2,0,5,4,0,12,
2001,14,June,1.2,2,15.5,3,0,3,3,0,1,7,0,15,
2001,14,June,1.2,1,7.25,6,0,6,6,0,3,8,1,10,
2001,15,June,1.2,1,15.75,4,0,4,4,0,3,0,0,18,
2001,16,June,1.2,1,10.75,2,0,2,2,0,2,0,0,16,
2001,16,June,1.2,2,11.75,8,0,8,8,0,3,0,0,18,
2001,17,June,1.2,1,7.5,4,0,4,4,0,2,8,1,14,
2001,17,June,1.2,2,12.85,5,0,5,5,0,3,8,1,16,
2001,21,June,1.2,1,7,3,0,3,3,0,0,0,0,13,
2001,21,June,1.2,2,9.5,4,0,4,4,0,0,1,0,15,
2001,24,June,1.2,1,12,5,0,5,5,0,0,6,0,19,
2001,25,June,1.2,1,16,4,0,4,4,0,1,7,0,22,
2001,26,June,1.2,2,15.25,3,0,3,3,0,3,1,0,22,
2001,26,June,1.2,1,7.5,2,0,2,2,0,4,4,0,15,
2001,27,June,1.2,3,15.25,4,0,4,4,0,2,1,0,22,
2001,27,June,1.2,2,12.25,2,0,2,2,0,2,4,0,19,
2001,27,June,1.2,1,7.25,2,0,2,2,0,1,8,1,15,
2001,28,June,1.2,2,11.75,8,0,8,8,0,1,0,0,22,
2001,28,June,1.2,3,16,5,0,5,5,0,3,2,0,25,
2001,28,June,1.2,1,6.75,3,0,3,3,0,0,8,1,15,
2001,29,June,1.2,1,12,3,0,3,3,0,2,3,0,27,
2001,29,June,1.2,2,20,1,0,1,1,0,2,7,0,14,
2001,29,June,1.2,1,20.5,1,0,1,1,0,2,7,0,14,
2001,30,June,1.2,1,7.5,0,0,0,0,0,3,8,1,12,
2001,30,June,1.2,2,15.25,0,0,0,0,0,5,8,1,12,
2001,31,June,1.2,1,21,4,0,4,4,0,0,0,0,24,
2001,31,June,1.2,2,21.25,5,0,5,5,0,0,0,0,24,
2001,32,June,1.2,2,14.25,5,0,5,5,0,3,7,0,27,
2001,32,June,1.2,1,7,0,0,0,0,0,2,8,1,14,
2001,33,June,1.2,2,10.25,5,0,5,5,0,1,0,0,24,
2001,33,June,1.2,3,11.5,3,0,3,3,0,0,1,0,26,
2001,33,June,1.2,1,7.25,4,0,4,4,0,0,8,1,22,
2001,34,June,1.2,3,11.5,4,0,4,4,0,2,4,0,22,
2001,34,June,1.2,4,21.25,5,0,5,5,0,0,5,0,20,
2001,34,June,1.2,1,7.25,0,0,0,0,0,1,8,1,15,
2001,34,June,1.2,2,10.25,2,0,2,2,0,2,8,1,18,
2001,35,June,1.2,2,14.25,4,0,4,4,0,2,7,0,25,
2001,35,June,1.2,1,7.25,1,0,1,1,0,1,8,1,15,
2001,36,June,1.2,4,13.25,0,0,0,0,0,3,4,0,17,
2001,36,June,1.2,3,12.5,1,0,1,1,0,3,5,0,17,
2001,36,June,1.2,1,7.25,2,0,2,2,0,3,7,0,15,
2001,36,June,1.2,2,10,1,0,1,1,0,4,7,0,17,
2001,37,June,1.2,1,7.25,0,0,0,0,0,3,3,0,14,
2001,37,June,1.2,2,9,1,0,1,1,0,3,3,0,15,
2002,-10,May,1.2,1,16.5,2,0,2,2,0,3,1,0,17,
2002,-9,May,1.2,1,8.75,0,0,0,0,0,5,8,1,14,
2002,-9,May,1.2,2,12,0,0,0,0,0,5,8,1,15,
2002,-8,May,1.2,1,7.5,0,0,0,0,0,3,1,0,14,
2002,-7,May,1.2,1,7.5,0,0,0,0,0,5,7,0,10,
2002,-6,May,1.2,1,7.5,0,0,0,0,0,5,8,1,8,
2002,-5,May,1.2,1,7.5,0,0,0,0,0,1,8,1,12,
2002,-4,May,1.2,1,7.5,0,0,0,0,0,1,7,0,12,
2002,-4,May,1.2,2,9.5,0,0,0,0,0,1,8,1,13,
2002,12,June,1.2,2,14.5,2,0,2,2,0,3,3,0,18,
2002,12,June,1.2,1,12.25,4,0,4,4,0,2,4,0,18,
2002,13,June,1.2,1,7.75,1,0,1,1,0,1,8,1,12,
2002,13,June,1.2,2,15.33,1,0,1,1,0,3,8,1,16,
2002,14,June,1.2,1,7.5,0,0,0,0,0,3,8,1,13,
2002,14,June,1.2,2,9.5,0,0,0,0,0,5,8,1,15,
2002,14,June,1.2,3,11.5,1,0,1,1,0,4,8,1,14,
2002,14,June,1.2,4,15,0,0,0,0,0,4,8,1,15,
2002,15,June,1.2,2,13,0,0,0,0,0,3,3,0,17,
2002,15,June,1.2,1,7.5,0,0,0,0,0,3,8,1,12,
2002,16,June,1.2,1,7.5,1,0,1,1,0,0,0,0,12,
2002,18,June,1.2,1,7.5,1,0,1,1,0,1,7,0,12,
2002,18,June,1.2,2,11.5,2,0,2,2,0,2,8,1,17,
2002,19,June,1.2,3,16.75,3,0,3,3,0,3,5,0,19,
2002,19,June,1.2,1,7.5,0,0,0,0,0,1,8,1,13,
2002,19,June,1.2,2,10,0,0,0,0,0,1,8,1,16,
2002,20,June,1.2,1,10.75,0,0,0,0,0,4,6,0,16,
2002,20,June,1.2,2,13,0,0,0,0,0,4,8,1,14,
2002,21,June,1.2,1,7.5,0,0,0,0,0,4,8,1,13,
2002,21,June,1.2,2,14.5,0,0,0,0,0,4,8,1,15,
2002,22,June,1.2,1,7.5,0,0,0,0,0,4,8,1,15,
2002,23,June,1.2,1,7.5,0,0,0,0,0,3,7,0,14,
2002,24,June,1.2,1,7.5,0,0,0,0,0,4,8,1,12,
2002,25,June,1.2,1,7.5,1,0,1,1,0,3,1,0,12,
2002,25,June,1.2,2,11.5,1,0,1,1,0,3,1,0,15,
2002,26,June,1.2,1,7.5,1,0,1,1,0,2,0,0,12,
2002,26,June,1.2,2,12.5,2,0,2,2,0,2,3,0,18,
2002,27,June,1.2,2,11.5,2,0,2,2,0,1,7,0,20,
2002,27,June,1.2,1,7.5,0,0,0,0,0,1,8,1,15,
2002,28,June,1.2,1,7.5,1,0,1,1,0,2,0,0,18,
2002,28,June,1.2,2,11.25,2,0,2,2,0,3,3,0,23,
2002,29,June,1.2,1,7.5,1,0,1,1,0,3,3,0,18,
2002,29,June,1.2,2,16,1,0,1,1,0,2,8,1,24,
2002,31,July,1.2,1,7.25,1,0,1,1,0,1,1,0,14,
2002,31,July,1.2,2,12.25,2,0,2,2,0,2,6,0,17,
2002,31,July,1.2,3,14.25,0,0,0,0,0,3,7,0,19,
2002,32,July,1.2,1,13.75,0,0,0,0,0,2,8,1,18,
2002,33,July,1.2,1,7.5,0,0,0,0,0,1,8,1,18,
2002,33,July,1.2,2,10.5,3,0,3,3,0,2,8,1,22,
2002,33,July,1.2,3,15.75,3,0,3,3,0,2,8,1,22,
2002,34,July,1.2,1,7.25,1,0,1,1,0,2,8,1,21,
2002,34,July,1.2,2,12.25,1,0,1,1,0,2,8,1,21,
2002,34,July,1.2,3,15.75,2,0,2,2,0,2,8,1,21,
2002,35,July,1.2,1,7.5,3,0,3,3,0,1,8,1,16,
2002,36,July,1.2,1,8.25,2,0,2,2,0,1,3,0,19,
2002,80,August,1.2,1,14.5,1,0,1,1,0,2,6,0,21,
2002,80,August,1.2,1,12,4,0,4,4,0,1,7,0,22,
2002,80,August,1.2,1,9,2,0,2,2,0,1,8,1,17,
2002,90,August,1.2,1,15,4,0,4,4,0,2,5,0,22,
2003,3,June,1.2,1,6.5,2,0,2,14,0,0,0,0,17,
2003,3,June,1.2,2,14.58,2,0,2,11,0,0,0,0,14,
2003,3,June,1.2,3,18.25,6,0,6,6,0,0,2,0,15,
2003,4,June,1.2,2,11.83,7,0,7,7,0,0,6,0,10,
2003,4,June,1.2,1,6.33,3,1,4,0,1,0,8,1,14,
2003,4,June,1.2,3,18.17,5,0,5,0,0,0,8,1,8,
2003,5,June,1.2,1,7.08,8,0,8,0,0,0,7,0,12,
2003,6,June,1.2,1,6.25,9,0,9,0,0,0,0,0,12,
2003,8,June,1.2,1,7.5,4,0,4,2,0,0,0,0,13,
2003,9,June,1.2,1,7.17,3,1,4,4,0.2,3,8,1,18,
2003,10,June,1.2,1,6.33,1,0,1,0,0,0,0,0,18,
2003,10,June,1.2,2,13.25,4,0,4,3,0,0,0,0,12,
2003,11,June,1.2,1,6.25,0,1,1,0,1,0,0,0,16,
2003,11,June,1.2,2,13.25,3,0,3,5,0,0,1,0,13,
2003,11,June,1.2,3,18.75,2,0,2,4,0,0,1,0,15,
2003,13,June,1.2,1,6.42,2,0,2,0,0,0,8,1,14,
2003,14,June,1.2,1,7.83,1,1,2,4,0.2,0,7,0,15,
2003,16,June,1.2,1,6.67,4,0,4,0,0,3,8,1,12,
2003,17,June,1.2,3,19,2,1,3,3,0.25,0,1,0,12,
2003,17,June,1.2,2,13.42,3,0,3,4,0,0,3,0,12,
2003,17,June,1.2,1,6.83,4,1,5,4,0.2,0,4,0,17,
2003,18,June,1.2,1,7.5,7,0,7,7,0,0,2,0,17,
2003,19,June,1.2,1,7.17,5,0,5,10,0,1,5,0,13,
2003,20,June,1.2,1,7.42,6,0,6,1,0,1,8,1,16,
2003,21,June,1.2,1,8.5,3,0,3,0,0,2,8,1,19,
2003,22,June,1.2,1,7.33,1,0,1,1,0,1,6,0,16,
2003,23,June,1.2,1,6.5,5,1,6,5,0.166666667,0,7,0,14,
2003,24,June,1.2,2,11.33,2,0,2,0,0,2,5,0,15,
2003,24,June,1.2,3,18.83,1,0,1,0,0,3,7,0,15,
2003,24,June,1.2,1,6.5,3,0,3,3,0,0,8,1,13,
2003,26,June,1.2,1,6.5,1,0,1,1,0,1,3,0,14,
2003,27,June,1.2,1,18.5,5,0,5,8,0,0,8,1,12,
2003,31,July,1.2,1,7.08,3,0,3,0,0,0,6,0,12,
2003,32,July,1.2,3,18.08,8,0,8,8,0,0,1,0,18,
2003,32,July,1.2,1,7.5,5,0,5,5,0,0,2,0,15,
2003,32,July,1.2,2,11.92,7,0,7,7,0,1,6,0,12,
2003,34,July,1.2,1,7.83,3,0,3,3,0,0,1,0,15,
2003,35,July,1.2,1,8.08,0,0,0,3,0,1,3,0,20,
2003,37,July,1.2,1,6.5,4,0,4,1,0,1,1,0,18,
2003,37,July,1.2,2,10.67,5,0,5,5,0,2,1,0,23,
2003,38,July,1.2,2,13.75,8,0,8,11,0,2,1,0,24,
2003,38,July,1.2,3,18.75,9,1,10,9,0.1,1,1,0,14,
2003,38,July,1.2,1,6.5,0,0,0,2,0,1,3,0,18,
2003,39,July,1.2,1,9.17,8,0,8,13,0,1,0,0,17,
2003,40,July,1.2,1,6.5,6,0,6,4,0,0,0,0,19,
2003,43,July,1.2,1,7.25,6,0,6,6,0,0,6,0,18,
2003,44,July,1.2,1,6.5,4,0,4,4,0,0,7,0,18,
2003,45,July,1.2,1,8.25,9,1,10,7,0.125,0,6,0,22,
2003,46,July,1.2,3,19.5,6,0,6,7,0,1,1,0,21,
2003,46,July,1.2,2,11.92,6,1,7,6,0.142857143,2,2,0,21,
2003,46,July,1.2,1,6.42,9,0,9,4,0,0,3,0,22,
2003,47,July,1.2,1,6.5,8,1,9,6,0.142857143,0,1,0,21,
2003,49,July,1.2,1,7.25,5,1,6,4,0.2,2,1,0,16,
2003,66,August,1.2,1,9,0,0,0,4,0,0,0,0,19,
2003,66,August,1.2,2,12,5,1,6,5,0.166666667,0,0,0,17,
2003,66,August,1.2,3,18,7,0,7,7,0,0,0,0,22,
2003,67,August,1.2,1,7,6,0,6,10,0,0,0,0,21,
2003,68,August,1.2,1,7,5,1,6,5,0.166666667,0,0,0,22,
2003,69,August,1.2,1,7,7,1,8,5,0.166666667,0,0,0,17,
2003,70,August,1.2,1,7,5,0,5,10,0,0,0,0,14,
2003,71,August,1.2,1,8.25,10,1,11,7,0.125,0,1,0,15,
2003,73,August,1.2,2,13.25,3,0,3,15,0,1,1,0,10,
2003,73,August,1.2,1,6.5,11,1,12,4,0.2,1,2,0,14,
2003,73,August,1.2,3,18.25,15,1,16,26,0.037037037,1,2,0,8,
2003,75,August,1.2,1,6.5,11,0,11,11,0,1,0,0,12,
2003,76,August,1.2,3,19.5,8,0,8,30,0,1,1,0,18,
2003,76,August,1.2,2,12.33,5,0,5,14,0,0,2,0,13,
2003,76,August,1.2,1,6.42,8,0,8,2,0,1,7,0,12,
2003,77,August,1.2,1,6.75,7,1,8,7,0.125,1,6,0,18,
2003,78,August,1.2,1,6.92,5,0,5,1,0,1,5,0,12,
2003,79,August,1.2,1,6.5,7,0,7,4,0,0,0,0,16,
2003,80,August,1.2,1,6.5,5,1,6,2,0.333333333,0,1,0,13,
2003,80,August,1.2,2,11.58,13,0,13,14,0,0,1,0,15,
2003,80,August,1.2,3,18.58,11,0,11,15,0,0,5,0,14,
2003,81,August,1.2,1,6.67,12,0,12,2,0,0,0,0,15,
2003,82,August,1.2,1,7.1,5,1,6,4,0.2,0,0,0,12,
2004,5,June,1.2,1,6.75,2,0,2,3,0,3,0,0,17.613683,
2004,6,June,1.2,1,6.83,2,0,2,2,0,1,6,0,14.505386,
2004,7,June,1.2,1,6.58,0,0,0,0,0,1,8,1,15.541485,
2004,8,June,1.2,1,6.83,2,0,2,0,0,2,8,1,14.505386,
2004,8,June,1.2,2,11.67,1,0,1,0,0,3,8,1,10.36099,
2004,12,June,1.2,1,7.5,0,0,0,1,0,1,3,0,8.288792,
2004,12,June,1.2,3,18.25,1,0,1,0,0,3,5,0,12.433188,
2004,12,June,1.2,2,11.5,0,0,0,0,0,2,6,0,12.433188,
2004,13,June,1.2,1,6.58,2,0,2,0,0,3,1,0,13.469287,
2004,14,June,1.2,1,6.58,2,0,2,4,0,0,0,0,18.649782,
2004,15,June,1.2,1,6.83,1,0,1,3,0,1,4,0,18.649782,
2004,19,June,1.2,3,19.25,1,0,1,1,0,2,1,0,13.469287,
2004,19,June,1.2,2,10.42,1,0,1,1,0,1,3,0,16.577584,
2004,19,June,1.2,1,6.75,2,1,3,0,1,1,6,0,12.433188,
2004,20,June,1.2,1,6.75,2,0,2,2,0,2,4,0,15.541485,
2004,21,June,1.2,1,7,1,0,1,2,0,0,7,0,14.505386,
2004,23,June,1.2,1,7,1,0,1,0,0,2,1,0,15.541485,
2004,24,June,1.2,1,7,0,0,0,0,0,0,8,1,12.433188,
2004,25,June,1.2,1,6.75,1,0,1,1,0,1,7,0,17.613683,
2004,26,June,1.2,1,6.5,1,0,1,0,0,0,4,0,12.433188,
2004,26,June,1.2,2,12.5,1,0,1,2,0,1,5,0,12.433188,
2004,32,July,1.2,1,6.92,0,0,0,0,0,1,7,0,17.613683,
2004,33,July,1.2,2,14.58,1,0,1,3,0,2,5,0,16.577584,
2004,33,July,1.2,1,6.67,2,0,2,1,0,2,7,0,13.469287,
2004,33,July,1.2,3,18,1,0,1,2,0,1,7,0,19.685881,
2004,34,July,1.2,1,7,1,0,1,1,0,2,8,1,16.577584,
2004,36,July,1.2,1,6.5,4,0,4,1,0,3,4,0,14.505386,
2004,37,July,1.2,1,6.75,3,1,4,4,0.2,1,1,0,13.469287,
2004,40,July,1.2,1,6.58,3,0,3,1,0,2,0,0,15.541485,
2004,41,July,1.2,1,7.25,3,0,3,7,0,1,8,1,15.541485,
2004,42,July,1.2,2,13.5,3,0,3,2,0,1,2,0,12.433188,
2004,42,July,1.2,1,6.83,2,1,3,0,1,0,7,0,14.505386,
2004,42,July,1.2,3,,3,0,3,5,0,0,7,0,12.433188,
2004,46,July,1.2,1,7.67,1,0,1,1,0,2,6,0,15.541485,
2004,47,July,1.2,1,6.67,0,0,0,0,0,0,1,0,12.433188,
2004,47,July,1.2,2,,0,1,1,0,1,1,7,0,18.649782,
2004,63,August,1.2,1,7.33,0,0,0,1,0,2,8,1,15.541485,
2004,63,August,1.2,2,12,2,0,2,0,0,2,8,1,20.72198,
2004,64,August,1.2,1,6.67,2,0,2,4,0,0,8,1,18.649782,
2004,64,August,1.2,2,,6,0,6,8,0,1,8,1,23.830277,
2004,65,August,1.2,1,6.83,4,0,4,2,0,2,8,1,18.649782,
2004,67,August,1.2,1,6.67,2,0,2,2,0,2,6,0,24.866376,
2004,68,August,1.2,1,6.5,0,0,0,2,0,2,2,0,14.505386,
2004,68,August,1.2,3,18.33,2,0,2,0,0,3,3,0,19.685881,
2004,68,August,1.2,2,11.67,2,0,2,2,0,3,5,0,17.613683,
2004,69,August,1.2,1,6.67,2,0,2,2,0,0,8,1,18.649782,
2004,70,August,1.2,1,6.67,4,0,4,0,0,0,0,0,18.649782,
2004,71,August,1.2,1,6.5,2,0,2,2,0,0,8,1,22.794178,
2004,72,August,1.2,1,6.5,2,0,2,2,0,0,8,1,22.794178,
2004,73,August,1.2,1,6.67,2,0,2,4,0,2,1,0,21.758079,
2004,74,August,1.2,1,7,2,0,2,2,0,1,5,0,21.758079,
2004,75,August,1.2,1,6.67,2,0,2,2,0,0,7,0,21.758079,
2004,75,August,1.2,2,11.75,5,0,5,7,0,1,7,0,16.577584,
2004,75,August,1.2,3,,3,0,3,3,0,0,8,1,19.685881,
2004,76,August,1.2,1,6.67,1,0,1,1,0,1,8,1,17.613683,
2004,77,August,1.2,1,6.75,1,0,1,1,0,1,6,0,22.794178,
2004,79,August,1.2,1,6.58,1,0,1,1,0,1,1,0,21.758079,
2004,80,August,1.2,1,6.42,6,0,6,0,0,2,8,1,22.794178,
2004,81,August,1.2,1,6.5,3,0,3,9,0,1,8,1,17.613683,
2004,83,August,1.2,3,18.33,0,0,0,0,0,3,0,0,14.505386,
2004,83,August,1.2,1,7,0,0,0,0,0,2,1,0,14.505386,
2004,83,August,1.2,2,12.58,1,0,1,1,0,3,6,0,15.541485,
2004,84,August,1.2,1,6.42,0,0,0,0,0,2,3,0,10.36099,
2004,85,August,1.2,1,,0,0,0,0,0,0,7,0,8.288792,
2005,-10,May,1.2,1,13.75,0,0,0,2,0,1,7,0,22.25,
2005,-9,May,1.2,1,9.5,2,0,2,4,0,1,0,0,17.8,
2005,-8,May,1.2,1,7,2,0,2,0,0,3,8,1,10.68,
2005,-8,May,1.2,2,9.5,1,0,1,1,0,4,8,1,10.68,
2005,7,June,1.2,1,7.25,0,0,0,0,0,0,8,1,12.46,
2005,8,June,1.2,1,7.5,1,0,1,0,0,0,8,1,13.35,
2005,9,June,1.2,1,7.25,1,0,1,0,0,0,8,1,12.46,
2005,10,June,1.2,1,16,1,0,1,3,0,1,8,1,12.46,
2005,10,June,1.2,2,12,2,0,2,0,0,3,8,1,12.46,
2005,12,June,1.2,1,7.5,1,0,1,2,0,5,4,0,10.68,
2005,14,June,1.2,2,15.5,2,0,2,3,0,1,7,0,13.35,
2005,14,June,1.2,1,7.25,4,0,4,6,0,3,8,1,8.9,
2005,15,June,1.2,1,15.75,4,0,4,4,0,3,0,0,16.02,
2005,16,June,1.2,1,10.75,4,0,4,2,0,2,0,0,14.24,
2005,16,June,1.2,2,11.75,7,0,7,8,0,3,0,0,16.02,
2005,17,June,1.2,1,7.5,5,0,5,4,0,2,8,1,12.46,
2005,17,June,1.2,2,12.85,5,0,5,5,0,3,8,1,14.24,
2005,21,June,1.2,1,7,4,0,4,3,0,0,0,0,11.57,
2005,21,June,1.2,2,9.5,5,0,5,4,0,0,1,0,13.35,
2005,24,June,1.2,1,12,5,0,5,5,0,0,6,0,16.91,
2005,25,June,1.2,1,16,4,0,4,4,0,1,7,0,19.58,
2005,26,June,1.2,2,15.25,3,0,3,3,0,3,1,0,19.58,
2005,26,June,1.2,1,7.5,2,0,2,2,0,4,4,0,13.35,
2005,27,June,1.2,3,15.25,4,0,4,4,0,2,1,0,19.58,
2005,27,June,1.2,2,12.25,2,0,2,2,0,2,4,0,16.91,
2005,27,June,1.2,1,7.25,2,0,2,2,0,1,8,1,13.35,
2005,28,June,1.2,2,11.75,8,0,8,8,0,1,0,0,19.58,
2005,28,June,1.2,3,16,5,0,5,5,0,3,2,0,22.25,
2005,28,June,1.2,1,6.75,3,0,3,3,0,0,8,1,13.35,
2005,29,June,1.2,1,12,3,0,3,3,0,2,3,0,24.03,
2005,29,June,1.2,2,20,1,0,1,1,0,2,7,0,12.46,
2005,29,June,1.2,1,20.5,1,0,1,1,0,2,7,0,12.46,
2005,30,June,1.2,1,7.5,0,0,0,0,0,3,8,1,10.68,
2005,30,June,1.2,2,15.25,0,0,0,0,0,5,8,1,10.68,
2005,31,June,1.2,1,21,4,0,4,4,0,0,0,0,21.36,
2005,31,June,1.2,2,21.25,5,0,5,5,0,0,0,0,21.36,
2005,32,June,1.2,2,14.25,5,0,5,5,0,3,7,0,24.03,
2005,32,June,1.2,1,7,0,0,0,0,0,2,8,1,12.46,
2005,33,June,1.2,2,10.25,5,0,5,5,0,1,0,0,21.36,
2005,33,June,1.2,3,11.5,2,0,2,3,0,0,1,0,23.14,
2005,33,June,1.2,1,7.25,5,0,5,4,0,0,8,1,19.58,
2005,34,June,1.2,3,11.5,5,0,5,4,0,2,4,0,19.58,
2005,34,June,1.2,4,21.25,4,0,4,5,0,0,5,0,17.8,
2005,34,June,1.2,1,7.25,2,0,2,0,0,1,8,1,13.35,
2005,34,June,1.2,2,10.25,2,0,2,2,0,2,8,1,16.02,
2005,35,June,1.2,2,14.25,4,0,4,4,0,2,7,0,22.25,
2005,35,June,1.2,1,7.25,4,0,4,1,0,1,8,1,13.35,
2005,36,June,1.2,4,13.25,0,0,0,0,0,3,4,0,15.13,
2005,36,June,1.2,3,12.5,0,0,0,1,0,3,5,0,15.13,
2005,36,June,1.2,1,7.25,1,0,1,2,0,3,7,0,13.35,
2005,36,June,1.2,2,10,1,0,1,1,0,4,7,0,15.13,
2005,37,June,1.2,1,7.25,0,0,0,0,0,3,3,0,12.46,
2005,37,June,1.2,2,9,0,0,0,1,0,3,3,0,13.35,
2006,-10,May,1.2,1,16.5,1,0,1,2,0,3,1,0,17,
2006,-9,May,1.2,1,8.75,0,0,0,0,0,5,8,1,14,
2006,-9,May,1.2,2,12,1,0,1,0,0,5,8,1,15,
2006,-8,May,1.2,1,7.5,0,0,0,0,0,3,1,0,14,
2006,-7,May,1.2,1,7.5,0,0,0,0,0,5,7,0,10,
2006,-6,May,1.2,1,7.5,0,0,0,0,0,5,8,1,8,
2006,-5,May,1.2,1,7.5,1,0,1,0,0,1,8,1,12,
2006,-4,May,1.2,1,7.5,0,0,0,0,0,1,7,0,12,
2006,-4,May,1.2,2,9.5,0,0,0,0,0,1,8,1,13,
2006,12,June,1.2,2,14.5,2,0,2,2,0,3,3,0,18,
2006,12,June,1.2,1,12.25,2,0,2,4,0,2,4,0,18,
2006,13,June,1.2,1,7.75,2,0,2,1,0,1,8,1,12,
2006,13,June,1.2,2,15.33,1,0,1,1,0,3,8,1,16,
2006,14,June,1.2,1,7.5,0,0,0,0,0,3,8,1,13,
2006,14,June,1.2,2,9.5,0,0,0,0,0,5,8,1,15,
2006,14,June,1.2,3,11.5,1,0,1,1,0,4,8,1,14,
2006,14,June,1.2,4,15,0,0,0,0,0,4,8,1,15,
2006,15,June,1.2,2,13,1,0,1,0,0,3,3,0,17,
2006,15,June,1.2,1,7.5,0,0,0,0,0,3,8,1,12,
2006,16,June,1.2,1,7.5,1,0,1,1,0,0,0,0,12,
2006,18,June,1.2,1,7.5,1,0,1,1,0,1,7,0,12,
2006,18,June,1.2,2,11.5,2,0,2,2,0,2,8,1,17,
2006,19,June,1.2,3,16.75,1,0,1,3,0,3,5,0,19,
2006,19,June,1.2,1,7.5,1,0,1,0,0,1,8,1,13,
2006,19,June,1.2,2,10,1,0,1,0,0,1,8,1,16,
2006,20,June,1.2,1,10.75,0,0,0,0,0,4,6,0,16,
2006,20,June,1.2,2,13,0,0,0,0,0,4,8,1,14,
2006,21,June,1.2,1,7.5,0,0,0,0,0,4,8,1,13,
2006,21,June,1.2,2,14.5,0,0,0,0,0,4,8,1,15,
2006,22,June,1.2,1,7.5,0,0,0,0,0,4,8,1,15,
2006,23,June,1.2,1,7.5,1,0,1,0,0,3,7,0,14,
2006,24,June,1.2,1,7.5,0,0,0,0,0,4,8,1,12,
2006,25,June,1.2,1,7.5,1,0,1,1,0,3,1,0,12,
2006,25,June,1.2,2,11.5,0,0,0,1,0,3,1,0,15,
2006,26,June,1.2,1,7.5,1,0,1,1,0,2,0,0,12,
2006,26,June,1.2,2,12.5,1,0,1,2,0,2,3,0,18,
2006,27,June,1.2,2,11.5,2,0,2,2,0,1,7,0,20,
2006,27,June,1.2,1,7.5,1,0,1,0,0,1,8,1,15,
2006,28,June,1.2,1,7.5,1,0,1,1,0,2,0,0,18,
2006,28,June,1.2,2,11.25,2,0,2,2,0,3,3,0,23,
2006,29,June,1.2,1,7.5,1,0,1,1,0,3,3,0,18,
2006,29,June,1.2,2,16,2,0,2,1,0,2,8,1,24,
2006,31,July,1.2,1,7.25,1,0,1,1,0,1,1,0,14,
2006,31,July,1.2,2,12.25,1,0,1,2,0,2,6,0,17,
2006,31,July,1.2,3,14.25,1,0,1,0,0,3,7,0,19,
2006,32,July,1.2,1,13.75,0,0,0,0,0,2,8,1,18,
2006,33,July,1.2,1,7.5,1,0,1,0,0,1,8,1,18,
2006,33,July,1.2,2,10.5,2,0,2,3,0,2,8,1,22,
2006,33,July,1.2,3,15.75,2,0,2,3,0,2,8,1,22,
2006,34,July,1.2,1,7.25,2,0,2,1,0,2,8,1,21,
2006,34,July,1.2,2,12.25,1,0,1,1,0,2,8,1,21,
2006,34,July,1.2,3,15.75,2,0,2,2,0,2,8,1,21,
2006,35,July,1.2,1,7.5,3,0,3,3,0,1,8,1,16,
2006,36,July,1.2,1,8.25,2,0,2,2,0,1,3,0,19,
2006,80,August,1.2,1,14.5,1,0,1,1,0,2,6,0,21,
2006,80,August,1.2,1,12,4,0,4,4,0,1,7,0,22,
2006,80,August,1.2,1,9,2,0,2,2,0,1,8,1,17,
2006,90,August,1.2,1,15,4,0,4,4,0,2,5,0,22,
2007,3,June,1.2,1,6.5,12,0,12,12,0,0,0,0,17.187,
2007,3,June,1.2,2,14.58,10,0,10,10,0,0,0,0,14.154,
2007,3,June,1.2,3,18.25,6,0,6,6,0,0,2,0,15.165,
2007,4,June,1.2,2,11.83,7,1,8,8,0.111111111,0,6,0,10.11,
2007,4,June,1.2,1,6.33,0,0,0,0,0,0,8,1,14.154,
2007,4,June,1.2,3,18.17,0,0,0,0,0,0,8,1,8.088,
2007,5,June,1.2,1,7.08,0,1,1,1,0.5,0,7,0,12.132,
2007,6,June,1.2,1,6.25,0,0,0,0,0,0,0,0,12.132,
2007,8,June,1.2,1,7.5,2,0,2,2,0,0,0,0,13.143,
2007,9,June,1.2,1,7.17,3,0,3,3,0,3,8,1,18.198,
2007,10,June,1.2,1,6.33,0,1,1,1,0.5,0,0,0,18.198,
2007,10,June,1.2,2,13.25,3,0,3,3,0,0,0,0,12.132,
2007,11,June,1.2,1,6.25,0,0,0,0,0,0,0,0,16.176,
2007,11,June,1.2,2,13.25,4,0,4,4,0,0,1,0,13.143,
2007,11,June,1.2,3,18.75,3,1,4,4,0.2,0,1,0,15.165,
2007,13,June,1.2,1,6.42,0,0,0,0,0,0,8,1,14.154,
2007,14,June,1.2,1,7.83,2,0,2,2,0,0,7,0,15.165,
2007,16,June,1.2,1,6.67,0,0,0,0,0,3,8,1,12.132,
2007,17,June,1.2,3,19,3,1,4,4,0.2,0,1,0,12.132,
2007,17,June,1.2,2,13.42,4,0,4,4,0,0,3,0,12.132,
2007,17,June,1.2,1,6.83,4,0,4,4,0,0,4,0,17.187,
2007,18,June,1.2,1,7.5,7,0,7,7,0,0,2,0,17.187,
2007,19,June,1.2,1,7.17,10,0,10,10,0,1,5,0,13.143,
2007,20,June,1.2,1,7.42,1,1,2,2,0.333333333,1,8,1,16.176,
2007,21,June,1.2,1,8.5,0,0,0,0,0,2,8,1,19.209,
2007,22,June,1.2,1,7.33,1,0,1,1,0,1,6,0,16.176,
2007,23,June,1.2,1,6.5,5,0,5,5,0,0,7,0,14.154,
2007,24,June,1.2,2,11.33,0,0,0,0,0,2,5,0,15.165,
2007,24,June,1.2,3,18.83,0,0,0,0,0,3,7,0,15.165,
2007,24,June,1.2,1,6.5,2,0,2,2,0,0,8,1,13.143,
2007,26,June,1.2,1,6.5,1,0,1,1,0,1,3,0,14.154,
2007,27,June,1.2,1,18.5,8,0,8,8,0,0,8,1,12.132,
2007,31,July,1.2,1,7.08,0,0,0,0,0,0,6,0,12.132,
2007,32,July,1.2,3,18.08,8,0,8,8,0,0,1,0,18.198,
2007,32,July,1.2,1,7.5,5,0,5,5,0,0,2,0,15.165,
2007,32,July,1.2,2,11.92,7,0,7,7,0,1,6,0,12.132,
2007,34,July,1.2,1,7.83,3,0,3,3,0,0,1,0,15.165,
2007,35,July,1.2,1,8.08,3,0,3,3,0,1,3,0,20.22,
2007,37,July,1.2,1,6.5,0,0,0,0,0,1,1,0,18.198,
2007,37,July,1.2,2,10.67,5,2,7,7,0.25,2,1,0,23.253,
2007,38,July,1.2,2,13.75,11,0,11,11,0,2,1,0,24.264,
2007,38,July,1.2,3,18.75,9,0,9,9,0,1,1,0,14.154,
2007,38,July,1.2,1,6.5,2,0,2,2,0,1,3,0,18.198,
2007,39,July,1.2,1,9.17,12,0,12,12,0,1,0,0,17.187,
2007,40,July,1.2,1,6.5,4,0,4,4,0,0,0,0,19.209,
2007,43,July,1.2,1,7.25,6,0,6,6,0,0,6,0,18.198,
2007,44,July,1.2,1,6.5,4,0,4,4,0,0,7,0,18.198,
2007,45,July,1.2,1,8.25,7,0,7,7,0,0,6,0,22.242,
2007,46,July,1.2,3,19.5,7,0,7,7,0,1,1,0,21.231,
2007,46,July,1.2,2,11.92,5,0,5,5,0,2,2,0,21.231,
2007,46,July,1.2,1,6.42,4,1,5,5,0.166666667,0,3,0,22.242,
2007,47,July,1.2,1,6.5,6,1,7,7,0.125,0,1,0,21.231,
2007,49,July,1.2,1,7.25,3,0,3,3,0,2,1,0,16.176,
2007,66,August,1.2,1,9,4,1,5,5,0.166666667,0,0,0,19.209,
2007,66,August,1.2,2,12,5,0,5,5,0,0,0,0,17.187,
2007,66,August,1.2,3,18,6,1,7,7,0.125,0,0,0,22.242,
2007,67,August,1.2,1,7,8,2,10,10,0.181818182,0,0,0,21.231,
2007,68,August,1.2,1,7,5,0,5,5,0,0,0,0,22.242,
2007,69,August,1.2,1,7,4,1,5,5,0.166666667,0,0,0,17.187,
2007,70,August,1.2,1,7,9,0,9,9,0,0,0,0,14.154,
2007,71,August,1.2,1,8.25,6,1,7,7,0.125,0,1,0,15.165,
2007,73,August,1.2,2,13.25,15,0,15,15,0,1,1,0,10.11,
2007,73,August,1.2,1,6.5,4,0,4,4,0,1,2,0,14.154,
2007,73,August,1.2,3,18.25,25,0,25,25,0,1,2,0,8.088,
2007,75,August,1.2,1,6.5,11,1,12,12,0.076923077,1,0,0,12.132,
2007,76,August,1.2,3,19.5,30,0,30,30,0,1,1,0,18.198,
2007,76,August,1.2,2,12.33,13,0,13,13,0,0,2,0,13.143,
2007,76,August,1.2,1,6.42,2,1,3,3,0.25,1,7,0,12.132,
2007,77,August,1.2,1,6.75,1,0,1,3,0,1,6,0,18.198,
2007,78,August,1.2,1,6.92,7,0,7,6,0,1,5,0,12.132,
2007,79,August,1.2,1,6.5,4,0,4,4,0,0,0,0,16.176,
2007,80,August,1.2,1,6.5,2,0,2,2,0,0,1,0,13.143,
2007,80,August,1.2,2,11.58,14,0,14,14,0,0,1,0,15.165,
2007,80,August,1.2,3,18.58,15,0,15,15,0,0,5,0,14.154,
2007,81,August,1.2,1,6.67,2,0,2,2,0,0,0,0,15.165,
2007,82,August,1.2,1,7.1,3,1,4,4,0.2,0,0,0,12.132,
2008,5,June,1.2,1,6.75,2,0,2,3,0,3,0,0,25,
2008,6,June,1.2,1,6.83,1,0,1,2,0,1,6,0,17,
2008,7,June,1.2,1,6.58,1,0,1,0,0,1,8,1,20,
2008,8,June,1.2,1,6.83,0,0,0,0,0,2,8,1,14,
2008,8,June,1.2,2,11.67,1,0,1,0,0,3,8,1,15,
2008,12,June,1.2,1,7.5,1,0,1,1,0,1,3,0,12,
2008,12,June,1.2,3,18.25,0,0,0,0,0,3,5,0,14,
2008,12,June,1.2,2,11.5,0,0,0,0,0,2,6,0,12,
2008,13,June,1.2,1,6.58,3,0,3,0,0,3,1,0,10,
2008,14,June,1.2,1,6.58,3,0,3,4,0,0,0,0,8,
2008,15,June,1.2,1,6.83,3,0,3,3,0,1,4,0,12,
2008,19,June,1.2,3,19.25,2,0,2,1,0,2,1,0,14,
2008,19,June,1.2,2,10.42,1,0,1,1,0,1,3,0,13,
2008,19,June,1.2,1,6.75,1,0,1,0,0,1,6,0,12,
2008,20,June,1.2,1,6.75,1,0,1,2,0,2,4,0,15,
2008,21,June,1.2,1,7,1,0,1,2,0,0,7,0,14,
2008,23,June,1.2,1,7,0,0,0,0,0,2,1,0,14,
2008,24,June,1.2,1,7,2,0,2,0,0,0,8,1,14,
2008,25,June,1.2,1,6.75,1,0,1,1,0,1,7,0,12,
2008,26,June,1.2,1,6.5,2,0,2,0,0,0,4,0,18,
2008,26,June,1.2,2,12.5,1,1,2,2,0.333333333,1,5,0,18,
2008,32,July,1.2,1,6.92,0,0,0,0,0,1,7,0,12,
2008,33,July,1.2,2,14.58,1,0,1,3,0,2,5,0,10,
2008,33,July,1.2,1,6.67,1,0,1,1,0,2,7,0,16,
2008,33,July,1.2,3,18,2,1,3,2,0.333333333,1,7,0,15,
2008,34,July,1.2,1,7,2,0,2,1,0,2,8,1,13,
2008,36,July,1.2,1,6.5,1,0,1,1,0,3,4,0,15,
2008,37,July,1.2,1,6.75,1,0,1,4,0,1,1,0,14,
2008,40,July,1.2,1,6.58,4,1,5,1,0.5,2,0,0,15,
2008,41,July,1.2,1,7.25,4,0,4,7,0,1,8,1,18,
2008,42,July,1.2,2,13.5,4,0,4,2,0,1,2,0,17,
2008,42,July,1.2,1,6.83,2,0,2,0,0,0,7,0,12,
2008,42,July,1.2,3,,1,0,1,5,0,0,7,0,16,
2008,46,July,1.2,1,7.67,4,0,4,1,0,2,6,0,18,
2008,47,July,1.2,1,6.67,2,0,2,0,0,0,1,0,12,
2008,47,July,1.2,2,,0,0,0,0,0,1,7,0,14,
2008,63,August,1.2,1,7.33,0,0,0,1,0,2,8,1,16,
2008,63,August,1.2,2,12,4,0,4,0,0,2,8,1,12,
2008,64,August,1.2,1,6.67,4,0,4,4,0,0,8,1,17,
2008,64,August,1.2,2,,6,1,7,8,0.111111111,1,8,1,13,
2008,65,August,1.2,1,6.83,1,0,1,2,0,2,8,1,16,
2008,67,August,1.2,1,6.67,2,0,2,2,0,2,6,0,19,
2008,68,August,1.2,1,6.5,3,0,3,2,0,2,2,0,16,
2008,68,August,1.2,3,18.33,1,0,1,0,0,3,3,0,13,
2008,68,August,1.2,2,11.67,1,0,1,2,0,3,5,0,14,
2008,69,August,1.2,1,6.67,3,0,3,2,0,0,8,1,15,
2008,70,August,1.2,1,6.67,1,0,1,0,0,0,0,0,13,
2008,71,August,1.2,1,6.5,4,0,4,2,0,0,8,1,15,
2008,72,August,1.2,1,6.5,2,0,2,2,0,0,8,1,15,
2008,73,August,1.2,1,6.67,2,0,2,4,0,2,1,0,14,
2008,74,August,1.2,1,7,3,0,3,2,0,1,5,0,19,
2008,75,August,1.2,1,6.67,2,0,2,2,0,0,7,0,12,
2008,75,August,1.2,2,11.75,3,0,3,7,0,1,7,0,22,
2008,75,August,1.2,3,,3,0,3,3,0,0,8,1,12,
2008,76,August,1.2,1,6.67,2,0,2,1,0,1,8,1,15,
2008,77,August,1.2,1,6.75,2,0,2,1,0,1,6,0,15,
2008,79,August,1.2,1,6.58,1,0,1,1,0,1,1,0,22,
2008,80,August,1.2,1,6.42,0,0,0,0,0,2,8,1,12,
2008,81,August,1.2,1,6.5,4,0,4,9,0,1,8,1,18,
2008,83,August,1.2,3,18.33,5,0,5,0,0,3,0,0,22,
2008,83,August,1.2,1,7,0,0,0,0,0,2,1,0,15,
2008,83,August,1.2,2,12.58,1,0,1,1,0,3,6,0,19,
2008,84,August,1.2,1,6.42,0,0,0,0,0,2,3,0,15,
2008,85,August,1.2,1,,0,0,0,0,0,0,7,0,20,
2009,-10,May,1.2,1,16.5,2,0,2,2,0,3,1,0,17,
2009,-10,May,1.2,1,13.75,2,0,2,2,0,1,7,0,25,
2009,-9,May,1.2,1,9.5,4,0,4,4,0,1,0,0,20,
2009,-9,May,1.2,1,8.75,0,0,0,0,0,5,8,1,14,
2009,-9,May,1.2,2,12,0,0,0,0,0,5,8,1,15,
2009,-8,May,1.2,1,7.5,0,0,0,0,0,3,1,0,14,
2009,-8,May,1.2,1,7,0,0,0,0,0,3,8,1,12,
2009,-8,May,1.2,2,9.5,1,0,1,1,0,4,8,1,12,
2009,-7,May,1.2,1,7.5,0,0,0,0,0,5,7,0,10,
2009,-6,May,1.2,1,7.5,0,0,0,0,0,5,8,1,8,
2009,-5,May,1.2,1,7.5,0,0,0,0,0,1,8,1,12,
2009,-4,May,1.2,1,7.5,0,0,0,0,0,1,7,0,12,
2009,-4,May,1.2,2,9.5,0,0,0,0,0,1,8,1,13,
2009,7,June,1.2,1,7.25,0,0,0,0,0,0,8,1,14,
2009,8,June,1.2,1,7.5,0,0,0,0,0,0,8,1,15,
2009,9,June,1.2,1,7.25,0,0,0,0,0,0,8,1,14,
2009,10,June,1.2,1,16,3,0,3,3,0,1,8,1,14,
2009,10,June,1.2,2,12,0,0,0,0,0,3,8,1,14,
2009,12,June,1.2,2,14.5,2,0,2,2,0,3,3,0,18,
2009,12,June,1.2,1,7.5,2,0,2,2,0,5,4,0,12,
2009,12,June,1.2,1,12.25,4,0,4,4,0,2,4,0,18,
2009,13,June,1.2,1,7.75,1,0,1,1,0,1,8,1,12,
2009,13,June,1.2,2,15.33,1,0,1,1,0,3,8,1,16,
2009,14,June,1.2,2,15.5,3,0,3,3,0,1,7,0,15,
2009,14,June,1.2,1,7.25,6,0,6,6,0,3,8,1,10,
2009,14,June,1.2,1,7.5,0,0,0,0,0,3,8,1,13,
2009,14,June,1.2,2,9.5,0,0,0,0,0,5,8,1,15,
2009,14,June,1.2,3,11.5,1,0,1,1,0,4,8,1,14,
2009,14,June,1.2,4,15,0,0,0,0,0,4,8,1,15,
2009,15,June,1.2,1,15.75,4,0,4,4,0,3,0,0,18,
2009,15,June,1.2,2,13,0,0,0,0,0,3,3,0,17,
2009,15,June,1.2,1,7.5,0,0,0,0,0,3,8,1,12,
2009,16,June,1.2,1,10.75,2,0,2,2,0,2,0,0,16,
2009,16,June,1.2,2,11.75,8,0,8,8,0,3,0,0,18,
2009,16,June,1.2,1,7.5,1,0,1,1,0,0,0,0,12,
2009,17,June,1.2,1,7.5,4,0,4,4,0,2,8,1,14,
2009,17,June,1.2,2,12.85,5,0,5,5,0,3,8,1,16,
2009,18,June,1.2,1,7.5,1,0,1,1,0,1,7,0,12,
2009,18,June,1.2,2,11.5,2,0,2,2,0,2,8,1,17,
2009,19,June,1.2,3,16.75,3,0,3,3,0,3,5,0,19,
2009,19,June,1.2,1,7.5,0,0,0,0,0,1,8,1,13,
2009,19,June,1.2,2,10,0,0,0,0,0,1,8,1,16,
2009,20,June,1.2,1,10.75,0,0,0,0,0,4,6,0,16,
2009,20,June,1.2,2,13,0,0,0,0,0,4,8,1,14,
2009,21,June,1.2,1,7,3,0,3,3,0,0,0,0,13,
2009,21,June,1.2,2,9.5,4,0,4,4,0,0,1,0,15,
2009,21,June,1.2,1,7.5,0,0,0,0,0,4,8,1,13,
2009,21,June,1.2,2,14.5,0,0,0,0,0,4,8,1,15,
2009,22,June,1.2,1,7.5,0,0,0,0,0,4,8,1,15,
2009,23,June,1.2,1,7.5,0,0,0,0,0,3,7,0,14,
2009,24,June,1.2,1,12,5,0,5,5,0,0,6,0,19,
2009,24,June,1.2,1,7.5,0,0,0,0,0,4,8,1,12,
2009,25,June,1.2,1,7.5,1,0,1,1,0,3,1,0,12,
2009,25,June,1.2,2,11.5,1,0,1,1,0,3,1,0,15,
2009,25,June,1.2,1,16,4,0,4,4,0,1,7,0,22,
2009,26,June,1.2,1,7.5,1,0,1,1,0,2,0,0,12,
2009,26,June,1.2,2,15.25,3,0,3,3,0,3,1,0,22,
2009,26,June,1.2,2,12.5,2,0,2,2,0,2,3,0,18,
2009,26,June,1.2,1,7.5,2,0,2,2,0,4,4,0,15,
2009,27,June,1.2,3,15.25,4,0,4,4,0,2,1,0,22,
2009,27,June,1.2,2,12.25,2,0,2,2,0,2,4,0,19,
2009,27,June,1.2,2,11.5,2,0,2,2,0,1,7,0,20,
2009,27,June,1.2,1,7.25,2,0,2,2,0,1,8,1,15,
2009,27,June,1.2,1,7.5,0,0,0,0,0,1,8,1,15,
2009,28,June,1.2,2,11.75,8,0,8,8,0,1,0,0,22,
2009,28,June,1.2,1,7.5,1,0,1,1,0,2,0,0,18,
2009,28,June,1.2,3,16,5,0,5,5,0,3,2,0,25,
2009,28,June,1.2,2,11.25,2,0,2,2,0,3,3,0,23,
2009,28,June,1.2,1,6.75,3,0,3,3,0,0,8,1,15,
2009,29,June,1.2,1,12,3,0,3,3,0,2,3,0,27,
2009,29,June,1.2,1,7.5,1,0,1,1,0,3,3,0,18,
2009,29,June,1.2,2,20,1,0,1,1,0,2,7,0,14,
2009,29,June,1.2,1,20.5,1,0,1,1,0,2,7,0,14,
2009,29,June,1.2,2,16,1,0,1,1,0,2,8,1,24,
2009,30,June,1.2,1,7.5,0,0,0,0,0,3,8,1,12,
2009,30,June,1.2,2,15.25,0,0,0,0,0,5,8,1,12,
2009,31,June,1.2,1,21,4,0,4,4,0,0,0,0,24,
2009,31,June,1.2,2,21.25,5,0,5,5,0,0,0,0,24,
2009,31,July,1.2,1,7.25,1,0,1,1,0,1,1,0,14,
2009,31,July,1.2,2,12.25,2,0,2,2,0,2,6,0,17,
2009,31,July,1.2,3,14.25,0,0,0,0,0,3,7,0,19,
2009,32,June,1.2,2,14.25,5,0,5,5,0,3,7,0,27,
2009,32,June,1.2,1,7,0,0,0,0,0,2,8,1,14,
2009,32,July,1.2,1,13.75,0,0,0,0,0,2,8,1,18,
2009,33,June,1.2,2,10.25,5,0,5,5,0,1,0,0,24,
2009,33,June,1.2,3,11.5,3,0,3,3,0,0,1,0,26,
2009,33,June,1.2,1,7.25,4,0,4,4,0,0,8,1,22,
2009,33,July,1.2,1,7.5,0,0,0,0,0,1,8,1,18,
2009,33,July,1.2,2,10.5,3,0,3,3,0,2,8,1,22,
2009,33,July,1.2,3,15.75,3,0,3,3,0,2,8,1,22,
2009,34,June,1.2,3,11.5,4,0,4,4,0,2,4,0,22,
2009,34,June,1.2,4,21.25,5,0,5,5,0,0,5,0,20,
2009,34,June,1.2,1,7.25,0,0,0,0,0,1,8,1,15,
2009,34,June,1.2,2,10.25,2,0,2,2,0,2,8,1,18,
2009,34,July,1.2,1,7.25,1,0,1,1,0,2,8,1,21,
2009,34,July,1.2,2,12.25,1,0,1,1,0,2,8,1,21,
2009,34,July,1.2,3,15.75,2,0,2,2,0,2,8,1,21,
2009,35,June,1.2,2,14.25,4,0,4,4,0,2,7,0,25,
2009,35,June,1.2,1,7.25,1,0,1,1,0,1,8,1,15,
2009,35,July,1.2,1,7.5,3,0,3,3,0,1,8,1,16,
2009,36,July,1.2,1,8.25,2,0,2,2,0,1,3,0,19,
2009,36,June,1.2,4,13.25,0,0,0,0,0,3,4,0,17,
2009,36,June,1.2,3,12.5,1,0,1,1,0,3,5,0,17,
2009,36,June,1.2,1,7.25,2,0,2,2,0,3,7,0,15,
2009,36,June,1.2,2,10,1,0,1,1,0,4,7,0,17,
2009,37,June,1.2,1,7.25,0,0,0,0,0,3,3,0,14,
2009,37,June,1.2,2,9,1,0,1,1,0,3,3,0,15,
2009,80,August,1.2,1,14.5,1,0,1,1,0,2,6,0,21,
2009,80,August,1.2,1,12,4,0,4,4,0,1,7,0,22,
2009,80,August,1.2,1,9,2,0,2,2,0,1,8,1,17,
2009,90,August,1.2,1,15,4,0,4,4,0,2,5,0,22,
2010,-10,May,1.2,1,13.75,4,0,4,2,0,1,7,0,25,
2010,-9,May,1.2,1,9.5,4,0,4,4,0,1,0,0,20,
2010,-8,May,1.2,1,7,2,0,2,0,0,3,8,1,12,
2010,-8,May,1.2,2,9.5,1,0,1,1,0,4,8,1,12,
2010,7,June,1.2,1,7.25,0,0,0,0,0,0,8,1,14,
2010,8,June,1.2,1,7.5,1,0,1,0,0,0,8,1,15,
2010,9,June,1.2,1,7.25,0,0,0,0,0,0,8,1,14,
2010,10,June,1.2,1,16,0,0,0,3,0,1,8,1,14,
2010,10,June,1.2,2,12,2,0,2,0,0,3,8,1,14,
2010,12,June,1.2,1,7.5,3,0,3,2,0,5,4,0,12,
2010,14,June,1.2,2,15.5,3,0,3,3,0,1,7,0,15,
2010,14,June,1.2,1,7.25,6,0,6,6,0,3,8,1,10,
2010,15,June,1.2,1,15.75,4,0,4,4,0,3,0,0,18,
2010,16,June,1.2,1,10.75,4,0,4,2,0,2,0,0,16,
2010,16,June,1.2,2,11.75,4,0,4,8,0,3,0,0,18,
2010,17,June,1.2,1,7.5,6,0,6,4,0,2,8,1,14,
2010,17,June,1.2,2,12.85,4,0,4,5,0,3,8,1,16,
2010,21,June,1.2,1,7,4,0,4,3,0,0,0,0,13,
2010,21,June,1.2,2,9.5,5,0,5,4,0,0,1,0,15,
2010,24,June,1.2,1,12,4,0,4,5,0,0,6,0,19,
2010,25,June,1.2,1,16,5,0,5,4,0,1,7,0,22,
2010,26,June,1.2,2,15.25,3,0,3,3,0,3,1,0,22,
2010,26,June,1.2,1,7.5,3,0,3,2,0,4,4,0,15,
2010,27,June,1.2,3,15.25,3,0,3,4,0,2,1,0,22,
2010,27,June,1.2,2,12.25,3,0,3,2,0,2,4,0,19,
2010,27,June,1.2,1,7.25,2,0,2,2,0,1,8,1,15,
2010,28,June,1.2,2,11.75,8,0,8,8,0,1,0,0,22,
2010,28,June,1.2,3,16,7,0,7,5,0,3,2,0,25,
2010,28,June,1.2,1,6.75,4,0,4,3,0,0,8,1,15,
2010,29,June,1.2,1,12,1,0,1,3,0,2,3,0,27,
2010,29,June,1.2,2,20,3,0,3,1,0,2,7,0,14,
2010,29,June,1.2,1,20.5,2,0,2,1,0,2,7,0,14,
2010,30,June,1.2,1,7.5,1,0,1,0,0,3,8,1,12,
2010,30,June,1.2,2,15.25,2,0,2,0,0,5,8,1,12,
2010,31,June,1.2,1,21,2,0,2,4,0,0,0,0,24,
2010,31,June,1.2,2,21.25,5,0,5,5,0,0,0,0,24,
2010,32,June,1.2,2,14.25,7,0,7,5,0,3,7,0,27,
2010,32,June,1.2,1,7,3,0,3,0,0,2,8,1,14,
2010,33,June,1.2,2,10.25,5,0,5,5,0,1,0,0,24,
2010,33,June,1.2,3,11.5,3,0,3,3,0,0,1,0,26,
2010,33,June,1.2,1,7.25,4,0,4,4,0,0,8,1,22,
2010,34,June,1.2,3,11.5,4,0,4,4,0,2,4,0,22,
2010,34,June,1.2,4,21.25,2,0,2,5,0,0,5,0,20,
2010,34,June,1.2,1,7.25,3,0,3,0,0,1,8,1,15,
2010,34,June,1.2,2,10.25,2,0,2,2,0,2,8,1,18,
2010,35,June,1.2,2,14.25,2,0,2,4,0,2,7,0,25,
2010,35,June,1.2,1,7.25,2,0,2,1,0,1,8,1,15,
2010,36,June,1.2,4,13.25,1,0,1,0,0,3,4,0,17,
2010,36,June,1.2,3,12.5,1,0,1,1,0,3,5,0,17,
2010,36,June,1.2,1,7.25,2,0,2,2,0,3,7,0,15,
2010,36,June,1.2,2,10,1,0,1,1,0,4,7,0,17,
2010,37,June,1.2,1,7.25,2,0,2,0,0,3,3,0,14,
2010,37,June,1.2,2,9,1,0,1,1,0,3,3,0,15,
2011,-10,May,1.2,1,16.5,0,0,0,2,0,3,1,0,17,
2011,-9,May,1.2,1,8.75,1,0,1,0,0,5,8,1,14,
2011,-9,May,1.2,2,12,0,0,0,0,0,5,8,1,15,
2011,-8,May,1.2,1,7.5,1,0,1,0,0,3,1,0,14,
2011,-7,May,1.2,1,7.5,0,0,0,0,0,5,7,0,10,
2011,-6,May,1.2,1,7.5,0,0,0,0,0,5,8,1,8,
2011,-5,May,1.2,1,7.5,1,0,1,0,0,1,8,1,12,
2011,-4,May,1.2,1,7.5,0,0,0,0,0,1,7,0,12,
2011,-4,May,1.2,2,9.5,1,0,1,0,0,1,8,1,13,
2011,12,June,1.2,2,14.5,1,0,1,2,0,3,3,0,18,
2011,12,June,1.2,1,12.25,3,0,3,4,0,2,4,0,18,
2011,13,June,1.2,1,7.75,3,0,3,1,0,1,8,1,12,
2011,13,June,1.2,2,15.33,1,0,1,1,0,3,8,1,16,
2011,14,June,1.2,1,7.5,0,0,0,0,0,3,8,1,13,
2011,14,June,1.2,2,9.5,1,0,1,0,0,5,8,1,15,
2011,14,June,1.2,3,11.5,1,0,1,1,0,4,8,1,14,
2011,14,June,1.2,4,15,0,0,0,0,0,4,8,1,15,
2011,15,June,1.2,2,13,1,0,1,0,0,3,3,0,17,
2011,15,June,1.2,1,7.5,0,0,0,0,0,3,8,1,12,
2011,16,June,1.2,1,7.5,0,0,0,1,0,0,0,0,12,
2011,18,June,1.2,1,7.5,1,0,1,1,0,1,7,0,12,
2011,18,June,1.2,2,11.5,2,0,2,2,0,2,8,1,17,
2011,19,June,1.2,3,16.75,2,0,2,3,0,3,5,0,19,
2011,19,June,1.2,1,7.5,2,0,2,0,0,1,8,1,13,
2011,19,June,1.2,2,10,1,0,1,0,0,1,8,1,16,
2011,20,June,1.2,1,10.75,1,0,1,0,0,4,6,0,16,
2011,20,June,1.2,2,13,1,0,1,0,0,4,8,1,14,
2011,21,June,1.2,1,7.5,2,0,2,0,0,4,8,1,13,
2011,21,June,1.2,2,14.5,0,0,0,0,0,4,8,1,15,
2011,22,June,1.2,1,7.5,2,0,2,0,0,4,8,1,15,
2011,23,June,1.2,1,7.5,1,0,1,0,0,3,7,0,14,
2011,24,June,1.2,1,7.5,2,0,2,0,0,4,8,1,12,
2011,25,June,1.2,1,7.5,1,0,1,1,0,3,1,0,12,
2011,25,June,1.2,2,11.5,1,0,1,1,0,3,1,0,15,
2011,26,June,1.2,1,7.5,2,0,2,1,0,2,0,0,12,
2011,26,June,1.2,2,12.5,1,0,1,2,0,2,3,0,18,
2011,27,June,1.2,2,11.5,2,0,2,2,0,1,7,0,20,
2011,27,June,1.2,1,7.5,0,0,0,0,0,1,8,1,15,
2011,28,June,1.2,1,7.5,1,0,1,1,0,2,0,0,18,
2011,28,June,1.2,2,11.25,2,0,2,2,0,3,3,0,23,
2011,29,June,1.2,1,7.5,1,0,1,1,0,3,3,0,18,
2011,29,June,1.2,2,16,1,0,1,1,0,2,8,1,24,
2011,31,July,1.2,1,7.25,1,0,1,1,0,1,1,0,14,
2011,31,July,1.2,2,12.25,2,0,2,2,0,2,6,0,17,
2011,31,July,1.2,3,14.25,1,0,1,0,0,3,7,0,19,
2011,32,July,1.2,1,13.75,2,0,2,0,0,2,8,1,18,
2011,33,July,1.2,1,7.5,2,0,2,0,0,1,8,1,18,
2011,33,July,1.2,2,10.5,1,0,1,3,0,2,8,1,22,
2011,33,July,1.2,3,15.75,3,0,3,3,0,2,8,1,22,
2011,34,July,1.2,1,7.25,1,0,1,1,0,2,8,1,21,
2011,34,July,1.2,2,12.25,2,0,2,1,0,2,8,1,21,
2011,34,July,1.2,3,15.75,2,0,2,2,0,2,8,1,21,
2011,35,July,1.2,1,7.5,2,0,2,3,0,1,8,1,16,
2011,36,July,1.2,1,8.25,2,0,2,2,0,1,3,0,19,
2011,80,August,1.2,1,14.5,2,0,2,1,0,2,6,0,21,
2011,80,August,1.2,1,12,4,0,4,4,0,1,7,0,22,
2011,80,August,1.2,1,9,3,0,3,2,0,1,8,1,17,
2011,90,August,1.2,1,15,4,0,4,4,0,2,5,0,22,
2012,-12,May,1.2,1,13,1,0,1,1,0,3,2,0,13,
2012,-11,May,1.2,1,16,3,0,3,3,0,2,1,0,24,
2012,-11,May,1.2,1,9.5,0,0,0,0,0,3,8,1,23,
2012,-10,May,1.2,1,13.67,3,0,3,3,0,4,0,0,22,
2012,-10,May,1.2,1,10,1,0,1,1,0,1,8,1,25,
2012,-9,May,1.2,1,10.25,3,0,3,3,0,4,0,0,22.5,
2012,-9,May,1.2,2,16,3,0,3,3,0,2,1,0,24,
2012,-9,May,1.2,1,14,3,0,3,3,0,3,8,1,24,
2012,6,June,1.2,1,7,0,0,0,0,0,2,8,1,10,
2012,6,June,1.2,2,12,1,0,1,1,0,4,8,1,10.5,
2012,7,June,1.2,1,8,0,0,0,0,0,2,8,1,12.5,
2012,7,June,1.2,2,12,0,0,0,0,0,4,8,1,14.5,
2012,10,June,1.2,1,8,0,0,0,0,0,2,8,1,10.5,
2012,13,June,1.2,1,12,1,0,1,1,0,5,8,1,12.5,
2012,14,June,1.2,1,8,0,0,0,0,0,4,2,0,12,
2012,14,June,1.2,2,15,1,0,1,1,0,3,6,0,15.5,
2012,15,June,1.2,2,14.5,0,0,0,0,0,3,7,0,18.5,
2012,15,June,1.2,1,7,1,0,1,1,0,5,8,1,12.5,
2012,16,June,1.2,1,7,0,0,0,0,0,2,1,0,12.5,
2012,16,June,1.2,2,15,0,0,0,0,0,5,8,1,17,
2012,17,June,1.2,1,13,1,0,1,1,0,1,8,1,18,
2012,18,June,1.2,1,7,0,0,0,0,0,2,2,0,10.5,
2012,19,June,1.2,1,6.5,1,0,1,1,0,0,0,0,11,
2012,24,June,1.2,1,8.5,0,0,0,0,0,2,8,1,12,
2012,25,June,1.2,1,7,0,0,0,0,0,2,0,0,7,
2012,25,June,1.2,2,12,0,0,0,0,0,3,0,0,12,
2012,26,June,1.2,1,7,0,0,0,0,0,1,3,0,12.5,
2012,27,June,1.2,1,16,2,0,2,2,0,2,8,1,19.5,
2012,29,June,1.2,1,7,0,0,0,0,0,2,0,0,14,
2012,32,July,1.2,1,12.5,2,0,2,2,0,3,8,1,16,
2012,33,July,1.2,1,6.5,0,0,0,0,0,0,0,0,12.5,
2012,33,July,1.2,2,10.5,0,0,0,0,0,2,7,0,19,
2012,33,July,1.2,3,15,1,0,1,1,0,3,7,0,15,
2012,34,July,1.2,2,12,2,0,2,2,0,2,1,0,22,
2012,34,July,1.2,3,14,1,0,1,1,0,2,1,0,22.5,
2012,34,July,1.2,1,7,0,0,0,0,0,2,8,1,16,
2012,35,July,1.2,1,7,2,0,2,2,0,0,0,0,15.5,
2012,35,July,1.2,2,9.25,2,0,2,2,0,2,6,0,21,
2012,72,August,1.2,1,10,3,0,3,3,0,1,3,0,18,
2012,72,August,1.2,2,11.5,2,0,2,2,0,1,5,0,18,
2012,72,August,1.2,3,13,2,0,2,2,0,1,6,0,18,
2012,78,August,1.2,2,13.5,2,0,2,2,0,3,8,1,21,
2012,86,August,1.2,3,13,3,0,3,3,0,3,8,1,19,
2012,86,August,1.2,2,14,2,0,2,2,0,3,8,1,20,
2013,4,June,1.2,1,8,0,0,0,0,0,2,0,0,10,
2013,4,June,1.2,2,13.25,2,0,2,2,0,4,0,0,20,
2013,4,June,1.2,3,13.67,1,0,1,1,0,4,1,0,20,
2013,5,June,1.2,1,9,0,0,0,0,0,4,4,0,15,
2013,5,June,1.2,2,10.33,0,0,0,0,0,4,5,0,15,
2013,6,June,1.2,1,11.75,3,0,3,3,0,2,0,0,18,
2013,7,June,1.2,1,11.25,1,0,1,1,0,3,4,0,17,
2013,7,June,1.2,2,12.5,2,0,2,2,0,4,6,0,18,
2013,8,June,1.2,1,14.75,1,0,1,1,0,3,1,0,20,
2013,9,June,1.2,1,8.25,0,0,0,0,0,3,0,0,15,
2013,9,June,1.2,2,10,1,0,1,1,0,3,3,0,16,
2013,9,June,1.2,3,10.75,0,0,0,0,0,3,3,0,17,
2013,10,June,1.2,1,8.75,0,0,0,0,0,3,0,0,14,
2013,11,June,1.2,1,7.75,0,0,0,0,0,2,7,0,12,
2013,11,June,1.2,2,7.75,0,0,0,0,0,2,7,0,12,
2013,11,June,1.2,3,13,2,0,2,2,0,2,8,1,20,
2013,12,June,1.2,1,13.5,1,0,1,1,0,3,8,1,18,
2013,13,June,1.2,1,13,0,0,0,0,0,4,8,1,17,
2013,14,June,1.2,1,7.75,0,0,0,0,0,3,8,1,14,
2013,15,June,1.2,1,7.5,0,0,0,0,0,3,8,1,14,
2013,16,June,1.2,1,7.75,0,0,0,0,0,4,5,0,13,
2013,17,June,1.2,1,13.5,1,0,1,1,0,2,0,0,19,
2013,18,June,1.2,1,7.5,0,0,0,0,0,3,8,1,15,
2013,19,June,1.2,1,13.5,0,0,0,0,0,4,8,1,19,
2013,20,June,1.2,1,9,0,0,0,0,0,2,0,0,18,
2013,20,June,1.2,2,14.5,4,0,4,4,0,0,8,1,25,
2013,21,June,1.2,1,7.75,1,0,1,1,0,0,8,1,15,
2013,22,June,1.2,1,7.5,0,0,0,0,0,5,8,1,14,
2013,22,June,1.2,2,9,1,0,1,1,0,5,8,1,16,
2013,23,June,1.2,1,13.5,1,0,1,1,0,2,8,1,18,
2013,24,June,1.2,1,8,0,0,0,0,0,2,7,0,17,
2013,25,June,1.2,1,10,0,0,0,0,0,3,8,1,15,
2013,26,June,1.2,1,7.75,0,0,0,0,0,2,8,1,15,
2013,27,June,1.2,1,10.75,0,0,0,0,0,2,8,1,15,
2013,28,June,1.2,1,11.75,0,0,0,0,0,3,8,1,15,
2013,28,June,1.2,2,14.45,0,0,0,0,0,3,8,1,15,
2013,28,June,1.2,3,7.75,0,0,0,0,0,3,8,1,15,
2013,29,June,1.2,1,8,0,0,0,0,0,1,8,1,14,
2013,30,June,1.2,1,9.25,1,0,1,1,0,5,8,1,12,
2013,30,June,1.2,2,10.75,0,0,0,0,0,5,8,1,12,
2013,30,June,1.2,3,9,2,0,2,2,0,5,8,1,14,
2013,31,July,1.2,1,11,1,0,1,1,0,1,8,1,13,
2013,31,July,1.2,2,8,2,0,2,2,0,3,8,1,14,
2013,32,July,1.2,1,12,0,0,0,0,0,3,8,1,12,
2013,33,July,1.2,1,10,1,0,1,1,0,5,8,1,13,
2013,34,July,1.2,1,9.67,0,0,0,0,0,1,8,1,15,
2013,35,July,1.2,3,7.5,2,0,2,2,0,4,0,0,20,
2013,35,July,1.2,1,10.5,1,0,1,1,0,3,5,0,18,
2013,35,July,1.2,2,14,0,0,0,0,0,3,5,0,18,
2013,36,July,1.2,2,12.5,2,0,2,2,0,3,0,0,22,
2013,36,July,1.2,1,14.67,0,0,0,0,0,2,1,0,17,
2013,37,July,1.2,1,13.5,2,0,2,2,0,4,0,0,22,
2013,37,July,1.2,2,13.5,2,0,2,2,0,4,0,0,22,
2013,70,August,1.2,1,13,2,0,2,2,0,3,8,1,21.5,
2013,70,August,1.2,2,14,4,0,4,4,0,3,8,1,21,
2013,77,August,1.2,1,11.75,0,0,0,0,0,2,6,0,19,
2013,77,August,1.2,2,13.33,2,0,2,2,0,2,6,0,20.5,
2013,84,August,1.2,2,12,3,0,3,3,0,2,6,0,23,
2013,84,August,1.2,1,11.25,5,0,5,5,0,2,8,1,20,
2013,85,August,1.2,1,10.5,2,0,2,2,0,3,2,0,20,
2013,85,August,1.2,2,10.5,1,0,1,1,0,3,2,0,20,
2013,86,August,1.2,1,13.5,3,0,3,3,0,3,7,0,23,
2013,86,August,1.2,2,14,1,0,1,1,0,3,7,0,23,
2014,-9,May,1.2,2,8.6,0,0,0,0,0,0,0,0,20,
2014,-9,May,1.2,3,11.25,6,0,6,6,0,0,0,0,25,
2014,-9,May,1.2,1,8.5,2,0,2,2,0,4,5,0,20,
2014,-8,May,1.2,1,12.25,1,0,1,1,0,1,8,1,20,
2014,-7,May,1.2,2,9,0,0,0,0,0,4,2,0,19,
2014,-7,May,1.2,3,9.75,0,0,0,0,0,4,2,0,20,
2014,-7,May,1.2,1,8,0,0,0,0,0,4,6,0,18,
2014,-6,May,1.2,4,10,1,0,1,1,0,3,6,0,18,
2014,-6,May,1.2,3,9,1,0,1,1,0,3,7,0,17,
2014,-6,May,1.2,1,8.25,1,0,1,1,0,3,8,1,15,
2014,-6,May,1.2,2,8.45,0,0,0,0,0,3,8,1,17,
2014,-5,May,1.2,3,10.75,1,0,1,1,0,3,4,0,17,
2014,-5,May,1.2,1,8,2,0,2,2,0,3,8,1,15,
2014,-5,May,1.2,2,9,0,0,0,0,0,3,8,1,15,
2014,-4,May,1.2,1,8.25,0,0,0,0,0,5,1,0,10,
2014,-4,May,1.2,1,8,0,0,0,0,0,3,4,0,15,
2014,-4,May,1.2,2,8.75,0,0,0,0,0,3,4,0,15,
2014,-3,May,1.2,2,9.25,0,0,0,0,0,3,0,0,12,
2014,-3,May,1.2,3,10,0,0,0,0,0,3,0,0,13,
2014,-3,May,1.2,4,10.75,1,0,1,1,0,4,0,0,15,
2014,-2,May,1.2,1,8,1,0,1,1,0,2,2,0,15,
2014,-1,May,1.2,2,8.25,0,0,0,0,0,2,2,0,15,
2014,-1,May,1.2,3,10.5,0,0,0,0,0,2,2,0,18,
2014,-1,May,1.2,4,12.25,2,0,2,2,0,2,2,0,20,
2014,0,May,1.2,1,8.25,0,0,0,0,0,3,8,1,15,
2014,0,May,1.2,2,10.75,0,0,0,0,0,3,8,1,18,
2014,0,May,1.2,3,13,2,0,2,2,0,3,8,1,22,
2014,9,June,1.2,4,14.67,2,0,2,2,0,3,0,0,23,
2014,9,June,1.2,1,8.25,1,0,1,1,0,3,1,0,18,
2014,9,June,1.2,2,8.75,2,0,2,2,0,3,1,0,18,
2014,9,June,1.2,3,9.5,2,0,2,2,0,3,1,0,18,
2014,10,June,1.2,3,13.75,0,0,0,0,0,3,3,0,24,
2014,10,June,1.2,1,8,2,0,2,2,0,2,7,0,18,
2014,10,June,1.2,2,11.5,1,0,1,1,0,3,7,0,22,
2014,11,June,1.2,2,13.75,2,0,2,2,0,2,7,0,22,
2014,11,June,1.2,1,8,0,0,0,0,0,2,8,1,18,
2014,12,June,1.2,1,8.25,0,0,0,0,0,3,1,0,17,
2014,13,June,1.2,1,8,0,0,0,0,0,3,7,0,15,
2014,14,June,1.2,1,8.25,0,0,0,0,0,3,2,0,19,
2014,14,June,1.2,2,12,2,0,2,2,0,3,3,0,19,
2014,15,June,1.2,1,8,1,0,1,1,0,3,1,0,16,
2014,15,June,1.2,2,13,1,0,1,1,0,3,2,0,21,
2014,16,June,1.2,1,8.75,0,0,0,0,0,1,8,1,16,
2014,17,June,1.2,1,14,1,0,1,1,0,2,8,1,22,
2014,18,June,1.2,1,7.75,0,0,0,0,0,1,0,0,15,
2014,18,June,1.2,2,13.25,1,0,1,1,0,2,0,0,23,
2014,19,June,1.2,1,7.75,0,0,0,0,0,6,5,0,15,
2014,19,June,1.2,2,9.25,2,0,2,2,0,6,7,0,16,
2014,20,June,1.2,1,10.5,2,0,2,2,0,2,6,0,17,
2014,22,June,1.2,1,7.75,1,0,1,1,0,2,1,0,16,
2014,22,June,1.2,2,12.75,0,0,0,0,0,2,1,0,19,
2014,23,June,1.2,3,12.5,0,0,0,0,0,2,5,0,19,
2014,23,June,1.2,1,7.75,1,0,1,1,0,2,6,0,13,
2014,23,June,1.2,2,10.75,1,0,1,1,0,2,8,1,17,
2014,24,June,1.2,2,14.25,0,0,0,0,0,2,6,0,18,
2014,24,June,1.2,1,8.75,1,0,1,1,0,2,7,0,14,
2014,25,June,1.2,1,8,0,0,0,0,0,2,0,0,15,
2014,25,June,1.2,2,14.9,0,0,0,0,0,2,6,0,17,
2014,26,June,1.2,1,7.75,0,0,0,0,0,2,1,0,15,
2014,26,June,1.2,2,8.5,1,0,1,1,0,2,1,0,16,
2014,26,June,1.2,3,12,0,0,0,0,0,2,1,0,17,
2014,26,June,1.2,4,13.75,1,0,1,1,0,2,1,0,19,
2014,27,June,1.2,1,7,0,0,0,0,0,2,8,1,13,
2014,27,June,1.2,2,14.75,1,0,1,1,0,1,8,1,19,
2014,29,June,1.2,1,8,0,0,0,0,0,2,8,1,14,
2014,30,June,1.2,1,7.75,0,0,0,0,0,2,1,0,15,
2014,30,June,1.2,2,13.25,3,0,3,3,0,2,3,0,19,
2014,31,July,1.2,1,8,0,0,0,0,0,2,8,1,16,
2014,32,July,1.2,1,8,2,0,2,2,0,1,2,0,14,
2014,32,July,1.2,2,11.75,1,0,1,1,0,1,5,0,20,
2014,32,July,1.2,3,13.5,1,0,1,1,0,3,6,0,21,
2014,33,July,1.2,1,8.5,0,0,0,0,0,3,8,1,15,
2014,34,July,1.2,2,14.25,1,0,1,1,0,2,7,0,23,
2014,34,July,1.2,1,8,0,0,0,0,0,3,8,1,17,
2014,71,August,1.2,1,8.75,0,0,0,0,0,0,6,0,20,
2014,71,August,1.2,2,12.95,0,0,0,0,0,3,8,1,22,
2014,71,August,1.2,3,13,0,0,0,0,0,4,8,1,22,
2014,76,August,1.2,1,13.25,0,0,0,0,0,4,8,1,21,
2014,76,August,1.2,2,14.25,0,0,0,0,0,4,8,1,21,
2015,-13,May,1.2,1,8,0,0,0,0,0,6,8,1,8,
2015,-13,May,1.2,2,13,0,0,0,0,0,6,8,1,13,
2015,-8,May,1.2,1,8.67,0,0,0,0,0,3,8,1,14,
2015,-7,May,1.2,1,8.5,0,0,0,0,0,5,2,0,14,
2015,-6,May,1.2,1,8.5,0,0,0,0,0,4,8,1,12,
2015,-5,May,1.2,1,8.25,0,0,0,0,0,3,6,0,9,
2015,-4,May,1.2,1,8.33,0,0,0,0,0,3,6,0,10,
2015,12,June,1.2,1,8,2,0,2,2,0,4,0,0,17,
2015,12,June,1.2,2,12,1,0,1,1,0,3,0,0,22,
2015,13,June,1.2,1,8,1,0,1,1,0,2,0,0,11,
2015,13,June,1.2,2,14,3,0,3,3,0,1,8,1,21,
2015,14,June,1.2,1,8,0,0,0,0,0,6,7,0,14,
2015,14,June,1.2,2,14,0,0,0,0,0,6,7,0,14,
2015,15,June,1.2,1,8,0,0,0,0,0,5,1,0,14,
2015,15,June,1.2,2,12,2,0,2,2,0,4,7,0,15,
2015,16,June,1.2,1,8,1,0,1,1,0,4,7,0,13,
2015,16,June,1.2,2,14,0,0,0,0,0,3,7,0,14,
2015,17,June,1.2,1,8,0,0,0,0,0,2,8,1,11,
2015,18,June,1.2,1,8,0,0,0,0,0,4,8,1,13,
2015,18,June,1.2,2,14,0,0,0,0,0,5,8,1,14,
2015,19,June,1.2,1,8,0,0,0,0,0,2,8,1,15,
2015,20,June,1.2,1,8,1,0,1,1,0,1,8,1,13,
2015,21,June,1.2,1,8.25,0,0,0,0,0,2,5,0,15,
2015,21,June,1.2,2,16,2,0,2,2,0,2,7,0,11,
2015,23,June,1.2,1,8,1,0,1,1,0,1,8,1,10,
2015,23,June,1.2,2,14,2,0,2,2,0,2,8,1,15,
2015,24,June,1.2,1,8,1,0,1,1,0,5,8,1,12,
2015,24,June,1.2,2,14,1,0,1,1,0,5,8,1,15,
2015,25,June,1.2,3,13,1,0,1,1,0,5,6,0,15,
2015,25,June,1.2,1,8,0,0,0,0,0,5,8,1,14,
2015,25,June,1.2,2,10,0,0,0,0,0,5,8,1,14,
2015,26,June,1.2,1,8,2,0,2,2,0,2,1,0,14,
2015,26,June,1.2,2,14,4,0,4,4,0,1,2,0,18,
2015,27,June,1.2,1,14,2,0,2,2,0,1,8,1,17,
2015,28,June,1.2,1,8,1,0,1,1,0,1,8,1,14,
2015,28,June,1.2,2,14,1,0,1,1,0,2,8,1,15,
2015,29,June,1.2,1,12,4,0,4,4,0,2,7,0,18,
2015,30,June,1.2,2,12,4,0,4,4,0,4,1,0,20,
2015,30,June,1.2,1,8,1,0,1,1,0,3,3,0,15,
2015,31,July,1.2,1,8,2,0,2,2,0,2,0,0,17,
2015,31,July,1.2,2,12,3,0,3,3,0,2,0,0,18,
2015,32,July,1.2,1,8,2,0,2,2,0,4,0,0,15,
2015,32,July,1.2,2,14,2,0,2,2,0,4,0,0,22,
2015,33,July,1.2,1,8,2,0,2,2,0,3,0,0,21,
2015,33,July,1.2,2,14,6,0,6,6,0,1,8,1,22,
2015,34,July,1.2,1,8,3,0,3,3,0,0,8,1,15,
2015,34,July,1.2,2,14,6,0,6,6,0,1,8,1,13,
2015,68,August,1.2,2,11.5,1,0,1,1,0,3,0,0,23.5,
2015,68,August,1.2,3,12.5,0,0,0,0,0,3,2,0,24,
2015,68,August,1.2,1,8.25,1,0,1,1,0,2,7,0,19.5,
2015,69,August,1.2,1,10,0,0,0,0,0,4,7,0,17,
2015,71,August,1.2,1,8.5,1,0,1,1,0,2,0,0,17,
2015,71,August,1.2,2,13.25,0,0,0,0,0,2,2,0,25.5,
2015,81,August,1.2,1,6.5,0,0,0,0,0,4,0,0,13.5,
2015,81,August,1.2,2,13,4,0,4,4,0,3,0,0,22.5,
2016,-13,May,1.2,3,13,1,0,1,1,0,1,8,0,15,
2016,-12,May,1.2,1,8,0,0,0,0,0,1,8,0,11,
2016,-12,May,1.2,2,15,0,0,0,0,0,1,8,0,15,
2016,-12,May,1.2,1,8,0,0,0,0,0,1,8,0,11,
2016,-12,May,1.2,2,10.25,2,0,2,2,0,1,8,0,13,
2016,-12,May,1.2,3,10.45,1,0,1,1,0,1,8,0,14,
2016,-12,May,1.2,4,11.5,1,0,1,1,0,1,8,0,15,
2016,-11,May,1.2,1,7.5,0,0,0,0,0,3,8,0,13,
2016,-10,May,1.2,1,8,0,0,0,0,0,2,8,1,10,
2016,-9,May,1.2,1,8,0,0,0,0,0,2,8,1,14,
2016,-9,May,1.2,2,12,0,0,0,0,0,3,8,0,17,
2016,-5,May,1.2,1,10.75,0,0,0,0,0,1,2,0,15,
2016,-5,May,1.2,2,11,0,0,0,0,0,1,2,0,15,
2016,-4,May,1.2,1,8,0,0,0,0,0,1,8,0,13,
2016,-4,May,1.2,2,12,0,0,0,0,0,2,8,0,15,
2016,-3,May,1.2,1,8.5,0,0,0,0,0,3,8,0,13,
2016,-2,May,1.2,1,7.5,0,0,0,0,0,2,8,0,13,
2016,-2,May,1.2,2,10.25,1,0,1,1,0,2,8,0,16,
2016,11,May,1.2,1,7.5,0,0,0,0,0,3,1,0,14,
2016,11,May,1.2,2,9,0,0,0,0,0,3,1,0,14,
2016,11,June,1.2,3,7.5,0,0,0,0,0,3,8,0,11,
2016,12,June,1.2,1,8.5,1,0,1,1,0,3,0,0,15,
2016,12,June,1.2,2,11.5,1,0,1,1,0,3,8,0,17,
2016,14,June,1.2,1,8,1,0,1,1,0,2,8,0,14,
2016,14,June,1.2,2,12.5,1,0,1,1,0,3,8,0,18,
2016,14,June,1.2,1,8,1,0,1,1,0,3,8,0,18,
2016,15,June,1.2,1,8,1,0,1,1,0,0,8,0,14,
2016,15,June,1.2,2,12,1,0,1,1,0,2,8,0,16,
2016,16,June,1.2,1,12,1,0,1,1,0,1,8,0,17,
2016,17,June,1.2,1,8,0,0,0,0,0,0,8,0,14,
2016,17,June,1.2,2,13,1,0,1,1,0,3,8,0,19,
2016,18,June,1.2,1,8,2,0,2,2,0,5,8,0,15,
2016,18,June,1.2,2,12,1,0,1,1,0,5,7,0,17,
2016,19,June,1.2,1,8,2,0,2,2,0,5,8,0,14,
2016,19,June,1.2,2,12,2,0,2,2,0,5,8,0,15,
2016,20,June,1.2,1,8,0,0,0,0,0,3,8,0,14,
2016,20,June,1.2,2,13,0,0,0,0,0,3,8,0,18,
2016,21,June,1.2,1,8,0,0,0,0,0,1,4,0,15,
2016,21,June,1.2,2,14,1,0,1,1,0,3,4,0,22,
2016,22,June,1.2,1,8,0,0,0,0,0,1,8,0,13,
2016,23,June,1.2,1,8,0,0,0,0,0,1,8,0,15,
2016,24,June,1.2,1,8,1,0,1,1,0,0,8,0,15,
2016,24,June,1.2,2,13,1,0,1,1,0,2,8,0,15,
2016,25,June,1.2,1,8,0,0,0,0,0,2,8,0,15,
2016,25,June,1.2,2,14,0,0,0,0,0,1,8,1,15,
2016,26,June,1.2,1,8,0,0,0,0,0,2,8,0,13,
2016,27,June,1.2,1,8,0,0,0,0,0,3,8,0,14,
2016,27,June,1.2,2,11,0,0,0,0,0,3,8,0,14,
2016,28,June,1.2,1,8,1,0,1,1,0,2,0,1,14,
2016,29,June,1.2,1,8,2,0,2,2,0,3,8,0,15,
2016,29,June,1.2,2,11,0,0,0,0,0,3,8,0,16,
2016,30,June,1.2,1,8,0,0,0,0,0,3,8,0,15,
2016,30,June,1.2,2,15,1,0,1,1,0,3,4,0,19,
2016,32,July,1.2,1,8,2,0,2,2,0,4,8,0,15,
2016,33,July,1.2,1,8,2,0,2,2,0,4,8,0,15,
2016,33,July,1.2,2,10.5,1,0,1,1,0,4,7,0,16,
2016,33,July,1.2,3,12,2,0,2,2,0,3,8,0,17,
2016,34,July,1.2,1,8,0,0,0,0,0,3,7,0,14,
2016,34,July,1.2,2,12.5,4,0,4,4,0,3,5,0,18,
2016,35,July,1.2,1,8,0,0,0,0,0,2,8,0,14,
2016,36,July,1.2,1,8,0,0,0,0,0,2,2,0,15,
2016,36,July,1.2,2,13,2,0,2,2,0,3,0,0,18,
2016,73,August,1.2,1,7.5,0,0,0,0,0,2,8,0,15,
2016,73,August,1.2,2,9,1,0,1,1,0,1,8,1,15,
2016,81,August,1.2,1,10,1,0,1,1,0,3,7,0,19,
2016,81,August,1.2,2,12.5,0,0,0,0,0,5,7,0,20,
2016,88,August,1.2,1,10.25,0,0,0,0,0,5,6,0,18,
2016,88,August,1.2,2,10.75,1,0,1,1,0,5,5,0,18,
2017,26,May,1.2,1,8,,,,0,,2,0,0,18,
2017,26,May,1.2,2,12,,,,1,,0,0,0,22,
2017,26,May,1.2,3,13,,,,0,,0,0,0,23,
2017,27,May,1.2,1,8,,,,0,,0,0,0,14,
2017,27,May,1.2,2,12,,,,1,,2,0,0,24,
2017,27,May,1.2,3,14,,,,0,,3,0,0,25,
2017,28,May,1.2,1,8,,,,0,,3,8,0,19,
2017,28,May,1.2,2,13.5,,,,0,,4,7,0,23,
2017,29,May,1.2,1,8,,,,0,,3,8,0,16,
2017,29,May,1.2,2,10.5,,,,0,,3,8,0,13,
2017,30,May,1.2,1,11,,,,0,,2,8,0,12,
2017,42,June,1.2,1,8,,,,0,,4,8,0,14,
2017,43,June,1.2,1,8.5,,,,0,,4,8,0,14,
2017,44,June,1.2,1,7.75,,,,0,,5,0,0,15,
2017,44,June,1.2,2,12.5,,,,0,,5,2,0,17,
2017,45,June,1.2,1,8,,,,0,,4,8,0,14,
2017,46,June,1.2,1,7.5,,,,0,,2,8,0,15,
2017,46,June,1.2,2,11,,,,2,,2,8,0,20,
2017,46,June,1.2,3,13.25,,,,3,,2,8,0,21,
2017,47,June,1.2,1,7.5,,,,0,,5,8,0,14,
2017,47,June,1.2,2,12,,,,0,,5,8,0,17,
2017,48,June,1.2,1,7.5,,,,0,,5,0,0,16,
2017,48,June,1.2,2,12.5,,,,0,,3,0,0,19,
2017,49,June,1.2,1,8,,,,1,,2,8,0,17,
2017,49,June,1.2,2,11.5,,,,2,,3,0,0,23,
2017,51,June,1.2,1,11.25,,,,2,,2,5,0,22,
2017,51,June,1.2,2,11.25,,,,0,,2,5,0,22,
2017,52,June,1.2,1,7.75,,,,0,,2,2,0,15,
2017,52,June,1.2,2,13,,,,2,,2,2,0,15,
2017,53,June,1.2,1,8,,,,0,,2,8,0,17,
2017,54,June,1.2,2,12,,,,0,,2,8,0,20,
2017,55,June,1.2,1,15,,,,0,,5,8,0,19,
2017,59,June,1.2,1,7.5,,,,3,,2,8,0,14,
2017,59,June,1.2,2,9.25,,,,0,,3,8,0,17,
2017,59,June,1.2,3,11,,,,2,,4,5,0,18,
2017,61,June,1.2,1,7.75,,,,0,,4,8,0,15,
2017,61,June,1.2,2,8,,,,0,,4,8,0,15,
2017,62,July,1.2,1,9,,,,0,,2,6,0,20,
2017,62,July,1.2,2,9.75,,,,0,,2,7,0,19,
2017,63,July,1.2,1,8,,,,0,,3,8,0,13,
2017,63,July,1.2,2,8.5,,,,0,,3,8,0,13,
2017,64,July,1.2,1,7.75,,,,0,,6,8,0,14,
2017,64,July,1.2,2,11,,,,0,,4,4,0,17,
2017,64,July,1.2,3,11.5,,,,1,,4,4,0,17,
2017,65,July,1.2,1,11.75,,,,1,,4,8,0,17,
2017,65,July,1.2,2,10.5,,,,0,,4,4,0,19,
2017,65,July,1.2,3,11,,,,1,,4,3,0,19,
2017,66,July,1.2,1,12,,,,0,,3,0,0,20,
2017,67,July,1.2,2,12,,,,0,,3,0,0,20,
2017,68,July,1.2,1,8,,,,0,,2,8,0,14,
2017,68,July,1.2,2,8,,,,0,,2,8,0,14,
2017,103,August,1.2,1,8,,,,0,,2,2,0,16,
2017,103,August,1.2,2,12,,,,1,,2,8,0,18,
2017,107,August,1.2,1,9.33,,,,0,,5,8,0,18,
2017,107,August,1.2,2,11,,,,1,,5,8,0,20,
2017,107,August,1.2,3,11.25,,,,2,,5,8,0,20,
2017,107,August,1.2,4,12.5,,,,0,,5,8,0,20,
2017,117,August,1.2,1,14.67,,,,3,,4,8,0,18,
2017,118,August,1.2,1,7.75,,,,0,,2,8,0,16,
2017,118,August,1.2,2,7.75,,,,0,,2,8,0,16,
2017,118,August,1.2,3,9.5,,,,0,,2,8,0,16,
2017,118,August,1.2,4,9.5,,,,0,,2,8,0,16,
2018,40,June,1.2,1,7.75,,,,0,,3,1,0,19,
2018,40,June,1.2,1,7.75,,,,0,,3,1,0,19,
2018,42,June,1.2,1,12.2,,,,0,,7,1,0,15,
2018,42,June,1.2,1,7.9,,,,3,,5,1,0,15,
2018,42,June,1.2,1,7.5,,,,0,,5,1,0,15,
2018,42,June,1.2,1,7.33,,,,2,,5,1,0,16,
2018,45,June,1.2,1,11.67,,,,0,,5,1,0,19,
2018,43,June,1.2,1,12.5,,,,2,,3,0.25,0,25,
2018,26,May,1.2,1,8,,,,2,,1,0.25,0,18,
2018,26,May,1.2,1,10.75,,,,6,,2,0.25,0,25,
2018,27,May,1.2,1,12.67,,,,0,,5,1,0,20,
2018,27,May,1.2,1,11.67,,,,3,,5,1,0,20,
2018,43,June,1.2,1,7.75,,,,2,,3,0.25,0,20,
2018,43,June,1.2,1,7.75,,,,2,,3,0.25,0,20,
2018,43,June,1.2,1,11.25,,,,1,,3,0.25,0,21,
2018,43,June,1.2,1,11.5,,,,0,,3,0.25,0,20,
2018,44,June,1.2,1,7.75,,,,0,,3,0.25,0,20,
2018,44,June,1.2,1,8,,,,0,,3,0.25,0,20,
2018,45,June,1.2,1,8,,,,0,,3,1,0,14,
2018,45,June,1.2,1,11.25,,,,2,,5,1,0,15,
2018,46,June,1.2,1,8,,,,0,,2,0.25,0,14,
2018,46,June,1.2,1,10.75,,,,0,,2,0.25,0,14,
2018,46,June,1.2,1,11.25,,,,0,,2,0.25,0,14,
2018,47,June,1.2,1,8,,,,0,,2,1,0,15,
2018,47,June,1.2,1,8.25,,,,0,,2,1,0,14,
2018,47,June,1.2,1,8.5,,,,0,,2,1,0,14,
2018,47,June,1.2,1,10,,,,2,,2,1,0,19,
2018,48,June,1.2,1,8,,,,0,,2,0.25,0,15,
2018,48,June,1.2,1,12,,,,0,,2,0.25,0,15,
2018,49,June,1.2,1,8,,,,0,,2,1,0,14,
2018,50,June,1.2,1,8.5,,,,0,,4,1,0,15,
2018,50,June,1.2,1,11.75,,,,1,,4,1,0,16,
2018,51,June,1.2,1,8,,,,0,,2,1,0,13,
2018,51,June,1.2,1,8.25,,,,0,,2,1,0,13,
2018,51,June,1.2,2,12.75,,,,0,,2,1,0,13,
2018,52,June,1.2,1,8,,,,0,,5,1,0,14,
2018,52,June,1.2,2,12.25,,,,0,,5,0.5,0,15,
2018,53,June,1.2,1,8,,,,0,,2,1,0,14,
2018,53,June,1.2,2,8.25,,,,0,,2,1,0,15,
2018,54,June,1.2,1,7.45,,,,0,,5,1,0,15,
2018,54,June,1.2,2,8,,,,0,,5,1,0,15,
2018,55,June,1.2,1,7.75,,,,2,,1,0.5,0,16,
2018,55,June,1.2,2,8,,,,0,,1,0.5,0,16,
2018,56,June,1.2,1,8,,,,0,,1,0,0,18,
2018,56,June,1.2,2,8,,,,0,,1,0,0,18,
2018,56,June,1.2,3,11.67,,,,0,,1,0,0,18,
2018,57,June,1.2,1,8,,,,0,,1,0,0,18,
2018,57,June,1.2,2,8.25,,,,0,,1,0,0,18,
2018,88,June,1.2,1,8.25,,,,0,,1,0,0,18,
2018,88,June,1.2,2,8.25,,,,0,,1,0,0,18,
2018,89,June,1.2,1,8.75,,,,0,,1,0,0,20,
2018,89,June,1.2,2,9,,,,0,,1,0,0,20,
2018,90,June,1.2,1,8,,,,0,,1,0,0,20,
2018,90,June,1.2,2,9,,,,0,,1,0,0,20,
2018,91,June,1.2,1,8,,,,1,,1,0,0,17,
2018,91,June,1.2,2,8.67,,,,0,,1,0,0,17,
2018,91,June,1.2,3,8,,,,0,,1,0,0,19,
2018,91,June,1.2,4,9,,,,0,,3,0,0,19,
2018,94,June,1.2,1,8,,,,0,,1,0,0,18,
2018,94,June,1.2,2,8.25,,,,0,,1,0,0,20,
2018,95,June,1.2,1,8,,,,0,,1,0,0,17,
2018,95,June,1.2,2,8.85,,,,0,,1,0,0,17,
2018,95,June,1.2,3,13,,,,0,,1,0,0,23,
2018,96,June,1.2,1,8,,,,0,,1,1,0,17,
2018,96,June,1.2,2,8.25,,,,0,,1,1,0,17,
2018,96,June,1.2,3,13,,,,0,,1,1,0,22,
2018,142,August,1.2,1,9.25,,,,2,,1,0,0,15,
2018,145,August,1.2,1,14,,,,0,,1,0,0,16,
2018,146,August,1.2,1,9.75,,,,0,,1,0,0,15,
2018,146,August,1.2,2,10,,,,1,,1,0,0,15,
2018,147,August,1.2,1,10.25,,,,0,,4,1,1,10,
2018,147,August,1.2,2,10.5,,,,0,,4,0.625,1,15,
2018,135,August,1.2,1,8,,,,0,,3,1,1,14,
2018,142,August,1.2,2,9,,,,0,,1,0,0,15,